,Symbol,Entity
0,SUMMITSEC,"Summit Securities Ltd.- Old, SUMMITSEC"
1,PFOCUS,"Prime Focus Ltd, Prime Focus, PFOCUS"
2,SINTEX,"Sintex Industries Ltd., Sintex Industries, SINTEX"
3,TRITURBINE,"Triveni Turbine Ltd., Triveni Turbines, Triveni Turbine, TRITURBINE"
4,GLAXO,"GlaxoSmithkline Pharmaceuticals Ltd., GlaxoSmithkline Pharmaceuticals, GlaxoSmithkline Pharma, GSK Pharma, GlaxoSmithkline, GLAXO"
5,DLF,"DLF Ltd., DLF"
6,BPCL,"Bharat Petroleum Corp. Ltd., Bharat Petroleum Corporation, Bharat Petroleum, BPCL"
7,MAHINDUGIN,"Mahindra Ugine Steel Co. Ltd., Mahindra Ugine Steel Compnay, Mahindra Ugine Steel Co., Mahindra Ugine Steel, Mahindra Ugine, MAHINDUGIN"
8,MARALOVER,"Maral Overseas Ltd., Maral Overseas, MARALOVER"
9,PHARMA,"large cap pharma stocks, largecap pharma stocks, large drug makers, MNC pharma space, healthcare sector, healthcare shares, healthcare stocks, Drug licence, Drug makers, healthcare, Hospitals, medicines, PHARMA"
10,CLARIANT,"Clariant (India) Ltd., Clariant (India), CLARIANT"
11,NEXTMEDIA,"Next Mediaworks Ltd., Next Mediaworks, NEXTMEDIA"
12,MUNJALSHOW,"Munjal Showa Ltd., Munjal Showa, MUNJALSHOW"
13,BPL,"BPL Ltd., BPL"
14,8KMILES,"8K Miles Software Services Ltd., 8K Miles Software Services Ltd, 8K Miles Software, 8K Miles, 8KMILES"
15,VENKEYS,"Venky's (India) Ltd., Venky's (India), VENKEYS"
16,PCJEWELLER,"PC Jeweller Ltd., PC Jewellery, PC Jewellers, PC Jeweller, PCJEWELLER, PCJ"
17,WOCKPHARMA,"Wockhardt Ltd., WOCKPHARMA, Wockhardt"
18,APOLLOHOSP,"Apollo Hospitals Enterprises Ltd., Apollo Hospitals Enterprise, Apollo Hospitals, APOLLOHOSP, Apollo, AHEL"
19,SRTRANSFIN,"Shriram Transport Finance Co. Ltd., Shriram Transport Finance, Shriram Transport, SRTRANSFIN"
20,UNITEDBNK,"United Bank of India, United Bank, UNITEDBNK, UBI"
21,PRIVATEBANKS,"private and PSU banks, private banking stocks, private banking space, private sector banks, private banking, Private banks, PRIVATEBANKS"
22,PETRONET,"Petronet LNG Ltd., Petronet LNG, PETRONET"
23,DCHL,"Deccan Chronicle Holdings Ltd., Deccan Chronicle Holdings, DeccanChronicle, DCHL"
24,CONSMRSPACE,"Consumer discretionary stocks, Consumption related stocks, consumer durable space, Consumer goods makers, discretionary stocks, Consumption stocks, consumer durables, Consumption space, consumer staples, consumer sector, Consumer stocks, Consumer goods, Consumer cos, CONSMRSPACE, Consumption, Consumer"
25,NOIDATOLL,"Noida-Toll Bridge Co. Ltd., Noida Toll Bridge Company, Noida Toll Bridge Co., Noida Toll Bridge Co, Noida-Toll Bridge Co., Noida-Toll Bridge Co, Noida Toll Bridge, NOIDATOLL"
26,FOSECOIND,"Foseco India Ltd., Foseco India, FOSECOIND"
27,M&M,"Mahindra & Mahindra Ltd., Mahindra and Mahindra, Mahindra & Mahindra, M & M, Mahindra, M&M"
28,SHANTIGEAR,"Shanthi Gears Ltd., Shanthi Gears Ltd, Shanthi Gears, SHANTIGEAR"
29,3IINFOTECH,"3i Infotech Ltd., 3i Infotech, 3IINFOTECH"
30,RUPA,"Rupa Company Ltd., Rupa Company Ltd, Rupa Company, Rupa Co., RUPA"
31,BANKBARODA,"Bank of Baroda Ltd., Bank of Baroda, BANKBARODA, BoB"
32,IFCI,"IFCI Ltd., IFCI"
33,VIPIND,"V I P Industries Ltd., V I P Industries, V I P Ind, VIP Ind, VIPIND, VIP"
34,SHILPI,"Shilpi Cable Tech Ltd., Shilpi Cable Technologies, SHILPI"
35,KWALITY,"Kwality Ltd., Kwality Ltd, KWALITY"
36,BAJAJELEC,"Bajaj Electricals Ltd., Bajaj Electricals, BAJAJELEC"
37,MELSTAR,"Melstar Information Technologies Ltd., Melstar Information Technologies, Melstar Infotech Ltd., Melstar Infotech, Melstar Info, MELSTAR"
38,DENABANK,"Dena Bank, DENABANK"
39,MOTHERSUMI,"Motherson Sumi Systems Ltd., Motherson Sumi Systems, Motherson Sumi, MOTHERSUMI, Motherson"
40,CADILAHC,"Cadila Healthcare Ltd., Cadila Healthcare Ltd, Cadila Healthcare, CADILAHC, Cadila"
41,SAKHTISUG,"Sakthi Sugars Ltd., Sakthi Sugars, SAKHTISUG"
42,ESTL,"Essar Steel Ltd., Essar Steel, ESTL"
43,AMARAJABAT,"Amara Raja Batteries Ltd., Amara Raja Batteries, Amara Raja, AMARAJABAT"
44,ULTRACEMCO,"UltraTech Cement Ltd., UltraTech Cement, ULTRACEMCO, UltraTech"
45,ECLERC,"eClerx Services Ltd., eClerx Services, ECLERC, eClerx"
46,JSWSTEEL,"JSW Steel Ltd., JSW Steel, JSWSTEEL, JSW"
47,CARBORUNIV,"Carborundum Universal Ltd., Carborundum Universal, Carborundum, CARBORUNIV"
48,SUNTV,"Sun TV Network Ltd., Sun TV Network Ltd, SUN TV Networks, Sun TV Network, Sun TV, SUNTV"
49,ADVENZYMES,"Advanced Enzyme Technologies Ltd., Advanced Enzyme Technologies, Advanced Enzyme Tech, Advanced Enzyme, ADVENZYMES"
50,TATAVASHIS,"Vashisti Detergents Ltd., Vashisti Detergent, TATAVASHIS"
51,MINDTREE,"MindTree Ltd., MINDTREE"
52,DISHTV,"Dish TV India Ltd., Dish TV India, Dish TV, DISHTV"
53,DREDGECORP,"Dredging Corporation of India Ltd., Dredging Corporation of India, Dredging Corporation, Dreding Corp, DREDGECORP"
54,BFUTILITIE,"BF Utilities Ltd., BF Utilities, BFUTILITIE"
55,HINDALCO,"Hindalco Industries Ltd., Hindalco Industries, HINDALCO"
56,HINDCOPPER,"Hindustan Copper Ltd., Hindustan Copper, Hind Copper, HINDCOPPER"
57,BRITANNIA,"Britannia Industries Ltd., Britannia Industries, BRITANNIA"
58,ATUL,"Atul Ltd., ATUL"
59,MINDAIND,"Minda Industries Ltd., Minda Industries, Minda Ind, MINDAIND"
60,AGRODUTCH,"Agro Dutch Industries Ltd., Agro Dutch Industries, Agro Dutch Ind, AGRODUTCH"
61,STEELSPC,"Steel companies, steel stocks, STEELSPC, steel"
62,TVTODAY,"T.V.Today Network Ltd, TV Today Network, T.V.Today Network, TV TodayNetwork, TV Today, TVTODAY"
63,MHRIL,"Mahindra Holidays and Resorts India Ltd., Mahindra Holidays and Resorts India, Mahindra Holidays & Resorts, Mahindra Holidays, MHRIL"
64,4WHLRSPACE,"four-wheeler stocks, Four-wheelers, Four-wheeler, 4WHLRSPACE"
65,VINYLINDIA,"Vinyl Chemicals (India) Ltd., Vinyl Chemicals (I) Ltd., Vinyl Chemicals (I), Vinyl Chemicals, VINYLINDIA"
66,ELGIRUBCO,"Elgi Rubber Company Ltd., Elgi Rubber Company, Elgi Rubber, ELGIRUBCO"
67,EMAMILTD,"Emami Ltd., Emami Ltd, EMAMILTD, Emami"
68,MCDOWELL-N,"United Spirits Ltd., United Spirits, MCDOWELL-N"
69,TODAYS,"Todays Writing Instruments Ltd., Todays Writing Instruments, Todays Writing, TODAYS"
70,SHREECEM,"Shree Cements Ltd., Shree Cements, Shree Cement, SHREECEM"
71,SANOFI,"Sanofi India Ltd., Sanofi (India), Sanofi India, SANOFI"
72,IGFLFERT,"Indo Gulf Fertilisers Ltd., Indo Gulf Fertilizers Ltd., Indo Gulf Fertilizers, Indo Gulf Fert, Indo Gulf, IGFLFERT"
73,JTEKTINDIA,"Sona Koyo Steering Systems Ltd., Sona Koyo Steering Systems, JTEKT India, Sona Koyo, JTEKTINDIA"
74,GODREJAGRO,"Godrej Agrovet Ltd., Godrej Agrovet, GODREJAGRO"
75,TATAINVEST,"Tata Investment Corporation Ltd., Tata Investment, Tata Inv, TATAINVEST"
76,NICKEL,NICKEL
77,AUTOIND,"Autoline Industries Ltd., Autoline Industries, AUTOIND"
78,INDIASEC,"Indian debt market, indian blue chips, Indian companies, Indian cyclicals, Indian equities, Indian economy, Indian cashew, Indian cotton, Indian banks, Indian cos, India tea, INDIASEC"
79,ICSA,"ICSA (India) Ltd., ICSA (India), ICSA-India, ICSA"
80,GLOBOFFS,"Global Offshore Services Ltd., Global Offshore Services, Global Offshore, GLOBOFFS"
81,GOKEX,"Gokaldas Exports Ltd., Gokaldas Exports, GOKEX"
82,ALBK,"Allahabad Bank, ALBK"
83,BASEMETALS,"Spot iron ore, yellow metal, base metals, base-metals, BASEMETALS, Aluminium, Copper, lead, zinc"
84,HERITGFOOD,"Heritage Foods Ltd., Heritage Foods, HERITGFOOD"
85,JKCEMENT,"J.K. Cement Ltd, J K Cement, J.K. Cement, JK Cement, JKCEMENT"
86,UNIONBANK,"Union Bank of India Ltd., Union Bank of India, Union Bank, UNIONBANK, UBI"
87,MAHSCOOTER,"Maharashtra Scooters Ltd., Maharashtra Scooters, MAHSCOOTER"
88,POLARIS,"Polaris Consulting & Services Ltd., Polaris FT, POLARIS"
89,PRAKASH,"Prakash Industries Ltd., Prakash Industries, PRAKASH"
90,OFSS,"Oracle Financial Services Software Ltd., Oracle Financial Services, Oracle Fin, Oracle, OFSS"
91,TECHNO,"Techno Electric and Engineering Company Ltd., Techno Electric, TECHNO"
92,ORCHIDPHAR,"Orchid Chemicals & Pharmaceuticals Ltd., Orchid Chemicals & Pharmaceuticals, Orchid Pharma Ltd, Orchid Pharma, ORCHIDPHAR, Orchid"
93,SBT,"State Bank of Travancore, SBT"
94,SHK,"S H Kelkar And Company Ltd., S H Kelkar And Company Ltd, S H Kelkar & Company, S H Kelkar, SHK"
95,GODAVRFERT,"Godavari Fertilisers & Chemicals Ltd., Godavari Fertilisers & Chemicals, Godavari Fertilisers, Godavari Fert, GODAVRFERT"
96,SBILIFE,"SBI Life Insurance Company Ltd., SBI Life Insurance Company, SBI Life Insurance, SBI Life, SBILIFE"
97,NFL,"National Fertilizers Ltd., National Fertilizers, National Fert, NFL"
98,TREEHOUSE,"Tree House Education & Accessories Ltd., Tree House Education and Accessories, Tree House Education, Tree House, TREEHOUSE"
99,INDIACEM,"India Cements Ltd., India Cements, India Cement, INDIACEM"
100,ALEMBIC PHARMACEUTICALS,"Alembic Pharmaceuticals Ltd., Alembic Pharmaceuticals Ltd, ALEMBIC PHARMACEUTICALS, Alembic Pharma, Alembic"
101,TIMETECHNO,"Time Technoplast Ltd., Time Technoplast, TIMETECHNO"
102,FSL,"Firstsource Solutions Ltd., Firstsource Solutions, Firstsource Sol, Firstsource, FSL"
103,TVSSRICHAK,"TVS Srichakra Ltd., TVS Srichakra Ltd, TVS Srichakra, TVS Tyres, TVSSRICHAK"
104,JSL,"Jindal Stainless (Hisar), Jindal Stainless Ltd., Jindal Stainless, JSL"
105,EKC,"Everest Kanto Cylinder Ltd., Everest Kanto Cylinder, Everest Kanto, EKC"
106,COFFEEDAY,"Coffee Day Enterprises Ltd., Coffee Day Enterprises Ltd, Coffee Day Enterprises, Coffee Day, COFFEEDAY"
107,IL&FSTRANS,"IL&FS Transportation Networks Ltd., IL&FS Transportation Networks, IL&FS Transportation, ILandFS Trans, IL&FSTRANS, IL&FS"
108,ADORWELD,"Ador Welding Ltd., Ador Welding, ADORWELD"
109,CRESTANI,"Crest Animation Studios Ltd., Crest Animation Studios, Crest Animation, CRESTANI"
110,PATELENG,"Patel Engineering Ltd., Patel Engineering, Patel Engg, PATELENG"
111,TECHM,"Tech Mahindra Ltd., Tech Mahindra, Tech M, TECHM"
112,PURVA,"Puravankara Projects Ltd., Puravankara, PURVA"
113,INFIBEAM,"Infibeam Incorporation Ltd., Infibeam Avenues, Infibeam Incorp, INFIBEAM"
114,IDFCBANK,"IDFC Bank Ltd., IDFC Bank Ltd, IDFC Bank, IDFCBANK"
115,FSS,"Flextronics Software Systems Ltd., Flextronics Software Systems, Flextronics Software, FSS"
116,HATSUN,"Hatsun Agro Product Ltd., Hatsun Agro Product Ltd, Hatsun Agro Products, Hatsun Agro, HATSUN"
117,TATAELXSI,"Tata Elxsi Ltd., Tata Elxsi, TATAELXSI"
118,EIDPARRY,"EID Parry (India), E.I.D-Parry Ltd, EID Parry, E.I.D-Parry, EIDPARRY"
119,MANALIPETC,"Manali Petrochemicals Ltd., Manali Petrochemicals, Manali Pet, MANALIPETC"
120,MANINDS,"Man Industries (India) Ltd., Man Industries (India), MANINDS"
121,PVR,"PVR India, PVR Ltd., PVR"
122,SUVEN,"Suven Life Sciences Ltd., Suven Life Sciences Ltd, Suven Life Sciences, Suven Life, SUVEN"
123,KSOILS,"K.S. Oils Ltd., K S Oils, K.S. Oils, KSOILS"
124,IDEA,"Idea Cellular Ltd., Idea Cellular, IDEA"
125,NELCO,"NELCO Ltd., NELCO"
126,AARTIDRUGS,"Aarti Drugs Ltd., Aarti Drugs, AARTIDRUGS"
127,KOTHARIPRO,"Kothari Products Ltd., Kothari Products, Kothari Product, KOTHARIPRO"
128,HDIL,"Housing Development and Infrastructure Ltd., Housing Development & Infrastructure, Housing Development, HDIL"
129,SBBJ,"State Bank of Bikaner & Jaipur Ltd., State Bank of Bikaner and Jaipur, State Bank of Bikaner & Jaipur, Stat B Bikaner, SBBJ"
130,M&MFIN,"Mahindra and Mahindra Financial Services Ltd., Mahindra and Mahindra Financial Services, Mahindra & Mahindra Financial Services, Mahindra & Mahindra Financial, Mahindra Financial Services, M&M Financial Services, Mahindra Finance, M&M Financial, M&MFIN"
131,SOMANYCERA,"Somany Ceramics Ltd., Somany Ceramics, SOMANYCERA"
132,MPSLTD,"MPS Ltd., MPSLTD, MPS"
133,APOLLOTYRE,"Apollo Tyres Ltd., Apollo Tyres, APOLLOTYRE"
134,MAHLIFE,"Mahindra Lifespace Developers Ltd., Mahindra Lifespace Developers, Mahindra Lifespace, Mahindra Life, MAHLIFE"
135,SHREERAMA,"Shree Rama Multi Tech Ltd., Shree Rama Multi-Tech Ltd., Shree Rama Multi Tech, Shree Rama Multi-Tech, Shree Rama Multi, SHREERAMA"
136,SFL,"Sheela Foam Ltd., Sheela Foam, SFL"
137,DBREALTY,"D B Realty Ltd., D B Realty, DB Realty, DBREALTY"
138,TBZ,"Tribhovandas Bhimji Zaveri Ltd., Tribhovandas Bhimji Zaveri, TBZ"
139,SUNCLAYLTD,"Sundaram Clayton Ltd.- OLD, SUNCLAYLTD"
140,TVSMOTOR,"TVS Motor Company Ltd., TVS Motor Company, TVS Motors, TVSMOTOR, TVS"
141,CHEMPLAST,"Chemplast Sanmar Ltd., Chemplast Sanmar, Chemplast Sanma, CHEMPLAST"
142,RANEENGINE,"Rane Engine Valves Ltd. -old, Rane Engine Valves, Rane Engine Valve, Rane Engine, RANEENGINE"
143,REPCOHOME,"Repco Home Finance Ltd., Repco Home Finance Ltd, Repco Home, REPCOHOME, Repco"
144,SIMPLEXINF,"Simplex Infrastructures Ltd., Simplex Infrastructures, Simplex Infra, SIMPLEXINF"
145,THIRUSUGAR,"Thiru Arooran Sugars Industries, Thiru Arooran Sugars Ltd., Thiru Arooran Sugars, Thiru Arooran, THIRUSUGAR"
146,NETWORK18,"Network 18 Media & Investments Ltd., Network 18 Media & Investments, Network18 Media & Investments, Network 18 Media, Network 18, NETWORK18"
147,GREENPLY,"Greenply Industries Ltd., Greenply Industries Ltd, Greenply Industries, Greenply Ind, GREENPLY"
148,BALKRISIND,"Balkrishna Industries Ltd., Balkrishna Industries Ltd, Balkrishna Industries, Balkrishna Ind, BALKRISIND"
149,MARKSANS,"Marksans Pharma Ltd., Marksans Pharma Ltd, Marksans Pharma, MARKSANS"
150,SONATSOFTW,"Sonata Software Ltd., Sonata Software, SONATSOFTW, Sonata"
151,DHFL,"Dewan Housing Finance Corp. Ltd., Dewan Housing Finance Corporation, Dewan Housing, DHFL"
152,SCI,"Shipping Corporation of India Ltd., Shipping Corporation of India, Shipping Corporation, SCI"
153,PAISALO,"S.E. Investments Ltd., S.E. Investments, PAISALO"
154,JSWHL,"JSW Holdings Ltd., JSW Holdings, JSWHL"
155,ANDHRABANK,"Andhra Bank, ANDHRABANK"
156,SOBHA,"Sobha Developers Ltd., Sobha Developers, SOBHA"
157,IFBIND,"IFB Industries Ltd., IFB Industries Ltd, IFB Industries, IFB Ind, IFBIND, IFB"
158,HARRMALAYA,"Harrisons Malayalam Ltd., Harrisons Malayalam, HARRMALAYA"
159,FLFL,"Future Lifestyle Fashions Ltd., Future Lifestyle Fashions Ltd, Future Lifestyle Fashions, Future Lifestyle Fashion, Future Life, FLFL"
160,BIRLACORPN,"Birla Corporation Ltd., Birla Corporation, Birla Corp, BIRLACORPN"
161,ZANDUREALT,"Zandu Realty Ltd., Zandu Realty, ZANDUREALT"
162,GEOMETRIC,"Geometric Ltd., GEOMETRIC"
163,SITINET,"Siti Cable Network Ltd., Siti Cable Network, SITI Networks Ltd, Siti Networks, SITINET"
164,DHAMPURSUG,"Dhampur Sugar Mills Ltd., Dhampur Sugar Mills, DHAMPURSUG"
165,VARDMNPOLY,"Vardhman Polytex Ltd., Vardhman Polytex, VARDMNPOLY"
166,UFLEX,"Uflex Ltd., UFLEX"
167,VISUALSOFT,"Visualsoft Technologies Ltd., Visualsoft (I) Ltd., VISUALSOFT"
168,UBHOLDINGS,"United Breweries (Holdings) Ltd., United Breweries Holdings Ltd., United Breweries, UBHOLDINGS"
169,CGPOWER,"CG Power and Industrial Solutions Ltd., CG Power and Industrial Solutions, CG Power & Industrial Solutions, Crompton Greaves, CG Power, CGPOWER"
170,BBTC,"Bombay Burmah Trading Corporation Ltd., Bombay Burmah Trading Corporation, Bombay Burmah Trading, Bombay Burmah, BBTC"
171,CUMMINSIND,"Cummins India Ltd., Cummins India Ltd, Cummins India, Cummins Inc., CUMMINSIND, Cummins"
172,PHOENXINTL,"The Phoenix Mills Ltd., The Phoenix Mills, Phoenix Mills, PHOENXINTL"
173,PACKAGINGCOS,"Packaging companies, packaging stocks, Packaging cos, PACKAGINGCOS"
174,APLAPOLLO,"APL Apollo Tubes Ltd., APL Apollo Tubes Ltd, APL Apollo Tubes, APL Apollo, APLAPOLLO"
175,BALLARPUR,"Ballarpur Industries Ltd., Ballarpur Industries, Ballarpur Ind, BALLARPUR"
176,RHFL,"Reliance Home Finance Ltd., Reliance Home Finance, Rel Home Finance, Rel Home Fin, RHFL"
177,PFC,"Power Finance Corporation Ltd., Power Finance Corp, Power Finance, PFC"
178,RUCHISOYA,"Ruchi Soya Industries Ltd., Ruchi Soya Industries, Ruchi Soya, RUCHISOYA"
179,PRICOLLTD,"Pricol Ltd., Pricol, PRICOLLTD"
180,RADICO,"Radico Khaitan Ltd., Radico Khaitan, Khaitan, RADICO"
181,DABUR,"Dabur India Ltd., Dabur India Ltd, Dabur India, DABUR"
182,BIRLACABLE,"Birla Ericsson Optical Ltd., Birla Ericsson Optical, Birl Ericsson, Birla Cable, BIRLACABLE"
183,NIRMA,"Nirma Ltd., NIRMA"
184,ABCAPITAL,"Aditya Birla Capital Ltd., Aditya Birla Capital, ABCAPITAL"
185,WONDERLA,"Wonderla Holidays Ltd., Wonderla Holidays, WONDERLA"
186,DONEAR,"Donear Industries Ltd., Donear Industries, Donear Group, Donear Ind, DONEAR"
187,JMFINANCIL,"JM Financial Ltd., JM Financial, JMFINANCIL"
188,JETAIRWAYS,"Jet Airways Ltd., Jet Airways, JETAIRWAYS, Jet"
189,ALKEM,"Alkem Laboratories Ltd., Alkem Laboratories Ltd, Alkem Laboratories, Alkem Labs, ALKEM"
190,OMAXAUTO,"Omax Autos Ltd., Omax Autos, OMAXAUTO"
191,ACC,"ACC Ltd., ACC Ltd, ACC"
192,TIPSINDLTD,"Tips Industries Ltd., Tips Industries, TIPSINDLTD"
193,UTFSOF,"UTV Software Communication Ltd., UTV Software, UTFSOF"
194,SKUMARSYNF,"S. Kumars Nationwide Ltd., S Kumars Nationwide, S Kumars Nation, S Kumars, SKUMARSYNF"
195,KIRLOSBROS,"Kirloskar Brothers Ltd., Kirloskar Brothers, KIRLOSBROS"
196,TITAN,"Titan Company Ltd., Titan Company, Titan Co., Titan Co, TITAN"
197,CHAMBLFERT,"Chambal Fertilisers & Chemicals Ltd., Chambal Fertilisers & Chemicals, Chambal Fertilisers, Chambal Fert, CHAMBLFERT"
198,INDIABULLS,"Indiabulls Financial Services Ltd., Indiabulls Financial Services, Indiabulls Fin Services, INDIABULLS"
199,ONWARDTEC,"Onward Technologies Ltd., Onward Technologies, Onward Tech, ONWARDTEC"
200,AFTEK,"Aftek Ltd., AFTEK"
201,FKONCO,"Fresenius Kabi Oncology Ltd., Fresenius Kabi Oncology, Fresenius Kabi, FKONCO"
202,MATRIXLABS,"Matrix Laboratories Ltd., Matrix Laboratories, Matrix Labs, Matrix Lab, MATRIXLABS, Matrix"
203,SUPREMEINF,"Supreme Infrastructure India Ltd., Supreme Infrastructure India, Supreme Infrastructure, Supreme Infra, SUPREMEINF"
204,HTMEDIA,"HT Media Ltd., HT Media, HTMEDIA"
205,CURRENCY,"Currency-hedged ETFs, Emerging currencies, Currency markets, currency market, Indian rupee, currencies, CURRENCY, $-rupee, pound, rupee, Re-$, Re"
206,ARVIND,"Arvind Pvt. Ltd., Arvind Pvt Ltd., Arvind Ltd., Arvind Ltd, ARVIND"
207,LALPATHLAB,"Dr Lal PathLabs Ltd., Dr Lal PathLabs Ltd, Dr Lal Path Labs, Dr Lal PathLabs, Dr Lal, LALPATHLAB"
208,AUROPHARMA,"Aurobindo Pharma Ltd., Aurobindo Pharma, AUROPHARMA"
209,KOPDRUGS,"KDL Biotech Ltd., KDL Biotech, KOPDRUGS"
210,PRSMJOHNSN,"Prism Cement Ltd., Prism Cement, PRSMJOHNSN"
211,KGL,"Karuturi Global Ltd., Karuturi Global, KGL"
212,FCONSUMER,"Future Consumer Ltd., Future Consumer, Future Group, FCONSUMER"
213,MININGSPACE,"mining companies, Mining stocks, mining sector, mining space, MININGSPACE, mining"
214,VISAKAIND,"Visaka Industries Ltd., Visaka Industries, Visaka Ind, VISAKAIND"
215,AMBUJACEM,"Ambuja Cements Ltd., Ambuja Cements, Ambuja Cement, AMBUJACEM, Ambuja"
216,NCC,"NCC Ltd., NCC"
217,ATLASCYCLE,"Atlas Cycle Industries Ltd., Atlas Cycle (Haryana) Ltd., Atlas Cycle Industries, Atlas Cycle (Haryana), Atlas Cycles, Atlas Cycle, ATLASCYCLE"
218,CAROLINFO,"Carol Info Services Ltd., Carol Info Services, Carol Info, CAROLINFO"
219,KITPLYIND,"Kitply Industries Ltd., Kitply Industries, Kitply Ind, KITPLYIND"
220,AEGISCHEM,"Aegis Logistics Ltd., Aegis Logistics Ltd, Aegis Logistics, AEGISCHEM, Aegis"
221,SIS,"Security and Intelligence Service Ltd., Security and Intelligence, SIS India, SIS"
222,GODFRYPHLP,"Godfrey Phillips India Ltd., Godfrey Phillips India, Godfrey Philips India, Godfrey Phillips, Godfrey Phillip, GODFRYPHLP"
223,INDHOTEL,"Indian Hotels Co. Ltd, Indian Hotels Company, Indian Hotels Co., INDHOTEL, IHCL"
224,MIDCAPBANK,"Mid-sized banking funds, mid-sized banks, MIDCAPBANK"
225,ESABINDIA,"ESAB India Ltd., ESAB India, ESABINDIA"
226,BLUESTARCO,"Blue Star Ltd., Blue Star, BLUESTARCO"
227,BFSISPACE,"financial services, Financial sector, financial stocks, banking sector, banking stocks, banking system, banking space, Banking pack, bank stocks, banking cos, BFSI sector, Large banks, Fin Tech, Financials, BFSISPACE, Financial, banking, banks, bank"
228,RIIL,"Reliance Industrial Infrastructure Ltd., Reliance Industrial Infrastructure, RIIL, RII"
229,VIVIDHA,"Visagar Polytex Ltd., Visagar Polytex, VIVIDHA"
230,KANSAINER,"Kansai Nerolac Paints Ltd., Kansai Nerolac Paints, Kansai Nerolac, KANSAINER"
231,SYMPHONY,"Symphony Ltd., Symphony Ltd, SYMPHONY"
232,JPPOWER,"Jaiprakash Power Ventures Ltd., Jaiprakash Power Ventures, Jaiprakash Power, Jaiprakash Pow, JP Power, JPPOWER"
233,HINDUNILVR,"Hindustan Unilever Ltd., Hindustan Unilever, HINDUNILVR, HUL"
234,SMARTLINK,"Smartlink Network Systems Ltd., Smartlink Network Systems, Smartlink Holdings, Smartlink Net, SMARTLINK"
235,UCOBANK,"UCO Bank, UCOBANK"
236,PEL,"Piramal Enterprises Ltd., Piramal Enterprises, Piramal, PEL"
237,TIDEWATER,"Tide Water Oil Company India Ltd, Tide Water Oil (India) Ltd., Tide Water Oil Co. (India), Tide Water Oil Company, Tide Water Oil co, Tide Water Oil, TIDEWATER"
238,SAREGAMA,"Saregama India Ltd., Saregama India, SAREGAMA"
239,FACT,"Fertilisers and Chemicals Travancore Ltd., Fertilisers and Chemicals Travancore, Fert and Chem, FACT"
240,CYCLICALS,"domestic cyclicals, cyclical shares, Cyclical stocks, CYCLICALS, cyclical, cylicals"
241,HDFCBANK,"HDFC Bank Ltd., HDFC Bank, HDFCBANK"
242,ZEEMEDIA,"Zee Media Corporation Ltd., Zee Media Corporation, Zee Media, ZEEMEDIA"
243,EXIDEIND,"Exide Industries Ltd., Exide Industries, Exide Ind, EXIDEIND, Exide"
244,BGRENERGY,"BGR Energy Systems Ltd., BGR Energy Systems, BGR Energy, BGRENERGY"
245,CHOLAFIN,"Cholamandalam Investment and Finance Company Ltd., Cholamandalam Investment & Finance Company, Cholamandalam Investment & Finance, Cholamandalam Investment, Cholamandalam Finance, Cholamandalam, CHOLAFIN"
246,TINPLATE,"Tinplate Company of India Ltd., Tinplate Company of India, Tinplate Company, TINPLATE"
247,SPTL,"Sintex Plastic Technology Ltd., Sintex Plastics Technology, Sintex Plastics Tech, Sintex Plastics, SPTL"
248,ABFRL,"Aditya Birla Fashion and Retail Ltd., Aditya Birla Fashion, Aditya Birla Retail, ABFRL"
249,NAHARPOLY,"Nahar Poly Films Ltd., Nahar Poly Films, Nahar Poly Film, NAHARPOLY"
250,PUNJLLOYD,"Punj Lloyd Ltd., Punj Lloyd, PUNJLLOYD"
251,CENTRALBK,"Central Bank of India Ltd., Central Bank of India, Central Bank, CENTRALBK, CBI"
252,SUNTECK,"Sunteck Realty Ltd., Sunteck Realty, SUNTECK"
253,MASTEK,"Mastek Ltd., MASTEK"
254,CESC,"CESC Ltd., CESC"
255,BHARATFIN,"Bharat Financial Inclusion Ltd., Bharat Financial Inclusion, Bharat Financial, Bharat Fin, BHARATFIN"
256,VIJAYABANK,"Vijaya Bank, VIJAYABANK"
257,PATNI,"Patni Computer Systems Ltd., Patni Computer Systems, Patni Computer, PATNI"
258,VINDHYATEL,"Vindhya Telelinks Ltd., Vindhya Telelinks Ltd, Vindhya Telelinks, Vindhya Telelink, VINDHYATEL"
259,HATHWAY,"Hathway Cable & Datacom Ltd., Hathway Cable and Datacom, Hathway Cable & Datacom, Hathway Cable, HATHWAY"
260,PERIPHERALBND,"peripheral bonds, periphery bonds, Perpetual bonds, PERIPHERALBND"
261,TI,"Tilaknagar Industries Ltd., Tilaknagar Industries, Tilaknagar, TI"
262,NDTV,"New Delhi Television, NDTV Ltd., NDTV"
263,UCALFUEL,"UCAL Fuel Systems Ltd., Ucal fuel systems, Ucal Fuel, UCALFUEL"
264,RICOAUTO,"Rico Auto Industries Ltd., Rico Auto Industries, Rico Auto, RICOAUTO"
265,MANINFRA,"Man Infraconstruction Ltd., Man Infraconstruction, MANINFRA"
266,GMRINFRA,"GMR Infrastructure Ltd., GMR Infrastructure, GMR Infra, GMRINFRA, GMR"
267,CHETTINAD,"Chettinad Cement Corporation Ltd., Chettinad Cement Corporation, Chettinad Cement, Chetinad Cem, CHETTINAD"
268,ONGC,"Oil And Natural Gas Corporation Ltd., Oil & Natural Gas, ONGC"
269,BSE,"Bombay Stock Exchange, BSE"
270,JCHAC,"Johnson Controls-Hitachi Air Conditioning India Ltd., Johnson Controls-Hitachi Air, Johnson Control, Hitachi India, Hitachi, JCHAC"
271,GSKCONS,"GlaxoSmithKline Consumer Healthcare Ltd., GlaxoSmithKline Consumer Healthcare, GlaxoSmithkline Healthcare, GlaxoSmith Con, GSK Consumer, GSKCONS"
272,DYNAMATECH,"Dynamatic Technologies Ltd., Dynamatic Technologies, Dynamatic Tech, DYNAMATECH"
273,ABB,"ABB India Ltd., ABB India, ABB"
274,CMC,"CMC Ltd., CMC"
275,BEML,"BEML Ltd., BEML"
276,FERTSPACE,"Fertiliser comapanies, Fertiliser companies, Fertiliser sector, Fertiliser stocks, fertilizer stocks, Fertiliser cos, Fertilizer, FERTSPACE"
277,KAKATCEM,"Kakatiya Cement Sugar & Industries Ltd., Kakatiya Cement Sugar and Industries, Kakatiya Cement Sugar & Industries, Kakatiya Cements Ltd., Kakatiya Cement Sugar, Kakatiya Cements, Kakatiya Cement, KAKATCEM"
278,PENTSFWARE,"Pentamedia Graphics Ltd., Pentamedia Graphics, PENTSFWARE"
279,KIRLOSENG,"Kirloskar Oil Eng Ltd., Kirloskar Oil Eng, Kirloskar Oil, KIRLOSENG"
280,CHENNPETRO,"Chennai Pertoleum Corporation Ltd., Chennai Petroleum Corporation Ltd., Chennai Petroleum Corporation, Chennai Petroleum, Chennai Petro, CHENNPETRO, CPCL"
281,VINATIORGA,"Vinati Organics Ltd., Vinati Organics Ltd, Vinati Organics, VINATIORGA"
282,WIPRO,"Wipro Ltd., WIPRO"
283,ICICIBANK,"ICICI Bank Ltd., ICICI Bank, ICICIBANK, ICICI"
284,NLCINDIA,"NLC India Ltd., NLC India, NLCINDIA, NLC"
285,MONNETISPA,"Monnet Ispat and Energy Ltd., Monnet Ispat and Energy, Monnet Ispat & Energy, Monnet Ispat, MONNETISPA"
286,YESBANK,"Yes Bank Ltd., Yes Bank, YESBANK"
287,INFINITE,"Infinite Computer Solutions (India) Ltd, Infinite Computer Solutions (India), Infinite Computer, INFINITE"
288,SADBHIN,"Sadbhav Infrastructure Projects Ltd., Sadbhav Infrastructure Projects Ltd, Sadbhav Infrastructure Project, Sadbhav Infrastructure, Sadbhav Infra, SADBHIN"
289,ASAHIINDIA,"Asahi India Glass Ltd., Asahi India Glass, Asahi Glass, AGC India, AIS Glass, AGC Inc., AGC Inc, ASAHIINDIA, AGC, AIS"
290,GEPIL,"Alstom India & South Asia, Alstom T&D India, Alstom Project, Alstom India, Alstom T&D, Alstom SA, Alstom, GEPIL"
291,OENCONNECT,"FCI OEN Connectors Ltd., FCI OEN Connectors, OENCONNECT"
292,TNPL,"Tamil Nadu Newsprint And Papers Ltd., Tamil Newsprint, Tamil Nadu, TNPL"
293,REDINGTON,"Redington India Ltd., Redington India, REDINGTON"
294,HOTEL,"hotel companies, hotel stocks, HOTEL"
295,FORTIS,"Fortis Healthcare Ltd., Fortis Healthcare, FORTIS"
296,JKLAKSHMI,"JK Lakshmi Cement Ltd., JK Lakshmi Cement, JK Laxmi Cement, JK Lakshmi Cem, JK Laxmi Cem, JK Lakshmi, JKLAKSHMI"
297,LAXMIMACH,"Lakshmi Machine Works Ltd., Lakshmi Machine Works, Lakshmi Machine, LAXMIMACH"
298,NH,"Narayana Hrudayalaya Ltd., Narayana Hrudayalaya, Narayana Health, Narayana Hruda, NH"
299,ORIENTHOT,"Oriental Hotels Ltd., Oriental Hotels, ORIENTHOT"
300,JMTAUTOLTD,"JMT Auto Ltd., JMT Auto, JMTAUTOLTD"
301,KEC,"KEC International Ltd., KEC International Ltd, KEC International, KEC Intl, KEC"
302,FIRSTLEASE,"First Leasing Co. of India Ltd., First Leasing Co. of India, First Leasing, FIRSTLEASE"
303,JISLJALEQS,"Jain irrigation Systems Ltd., Jain irrigation Systems, Jain Irrigation, JISLJALEQS"
304,ZENSARTECH,"Zensar Technolgies Ltd., Zensar Technologies, Zensar Tech, ZENSARTECH"
305,EQUITAS,"Equitas Holdings Ltd., Equitas Holdings, Equitas Holding, EQUITAS"
306,DPC02,"Dishman Pharmaceuticals & Chemicals Ltd., Dishman Pharmaceuticals & Chemicals, Dishman Pharma, DPC02"
307,KITEX,"Kitex Garments Ltd., Kitex Garments Ltd, Kitex Garments, KITEX"
308,BALRAMCHIN,"Balrampur Chini Mills Ltd., Balrampur Chini Mills, Balrampur Chini, BALRAMCHIN"
309,GAMMNINFRA,"Gammon Infrastructure Projects Ltd., Gammon Infrastructure Projects, Gammon Infra, GAMMNINFRA"
310,TYRECOS,"Tyre companies, tyre companis, tyre stocks, Tyre makers, tyre names, TYRECOS, tyres"
311,SPARC,"Sun Pharma Advanced Research Company Ltd., Sun Pharma Adv. Research, Sun Pharma Adv, SPARC"
312,DCAL,"Dishman Carbogen Amcis Ltd., Dishman Carbogen Amcis, Dishman Carboge, DCAL"
313,WELCORP,"Welspun Corp Ltd., Welspun Corp, WELCORP"
314,INSURANCE,"PF & insurance funds, insurance companies, insurance company, Insurance stocks, INSURANCE"
315,GODREJCP,"Godrej Consumer Products Ltd., Godrej Consumer Products, Godrej Consumer, GODREJCP, GCPL"
316,APTECHT,"Aptech Ltd., APTECHT, Aptech"
317,GITANJALI,"Gitanjali Gems Ltd., Gitanjali Gems, GITANJALI"
318,NOCIL,"NOCIL Ltd., NOCIL"
319,JAINSTUDIO,"Jain Studios Ltd., Jain Studios, Jain Studio, JAINSTUDIO"
320,RAJTV,"Raj Television Network Ltd., Raj Television Network, Raj Television, RAJTV"
321,AUTOAXLES,"Automotive Axles Ltd., Automotive Axles, AUTOAXLES"
322,IBP,"IBP Co. Ltd., IBP Co., IBP"
323,UBL,"United Breweries Ltd., United Breweries, UBL, UB"
324,GHCL,"Gujarat Heavy Chemicals, Gujarat Heavy Chem, Guj Heavy Chem, GHCL Ltd., GHCL"
325,JAICORPLTD,"Jai Corp Ltd., Jai Corp, JAICORPLTD"
326,JAIBALAJI,"Jai Balaji Industries Ltd., Jai Balaji Industries, Jai Balaji Ind, JAIBALAJI"
327,PAPERPROD,"Paper Products Ltd., Paper Products, PAPERPROD"
328,EXPORT,"export-oriented sectors, Export-oriented cos, EXPORT"
329,ACCELYA,"Accelya Kale Solutions Ltd., Accelya Kale Solutions, Accelya Kale, ACCELYA"
330,CCL,"CCL Products India Ltd., CCL Products India Ltd, CCL Products India, CCL Products, CCL"
331,NAHARSPING,"Nahar Spinning Mills Ltd., Nahar Spinning Mills, Nahar Spinning, NAHARSPING"
332,MFSL,"Max Financial Services Ltd., Max Financial Services, Max Financial, MFSL"
333,JSWISPAT,"JSW ISPAT Steel Ltd., JSW ISPAT Steel, JSW Steel Ltd, JSW Steel, JSW Ispat, JSWISPAT"
334,2WHLRSPACE,"Two-wheeler stocks, two-wheeler sector, two-wheeler space, Two-wheelers, Two-wheeler, 2WHLRSPACE"
335,NILKAMAL,"Nilkamal Ltd., NILKAMAL"
336,AGRISPACE,"kharif crops, Agri stocks, Agri sector, Agri space, Agrochemicals, agriculture, AGRISPACE, Kharif"
337,VISHALEXPO,"Vishal Exports Overseas Ltd., VISHALEXPO, VEOL"
338,FRETAIL,"Future Retail Ltd., Future Retail, FRETAIL"
339,NBCC,"NBCC India Ltd., NBCC (India), NBCC India, NBCC"
340,HAVELLS,"Havells India Ltd., Havells India, HAVELLS"
341,ATFL,"Agro Tech Foods Ltd., Agro Tech Foods, ATFL"
342,CHEMSPACE,"Specialty chemical companies, Specialty chemicals, CHEMSPACE, chemical"
343,SRF,"SRF Ltd., SRF"
344,HOTELEELA,"Hotel Leela Venture Ltd., Hotel Leela Venture, Hotel Leelaventure, Hotel Leela, HOTELEELA"
345,DSKULKARNI,"D.S. Kulkarni Developers Ltd., D.S. Kulkarni Developers, DS Kulkarni Group, DSKULKARNI, DSK"
346,MIRCELECTR,"Mirc Electronics Ltd., Mirc Electronics, MIRCELECTR"
347,INFRATEL,"Bharti Infratel Ltd., Bharti Infratel, INFRATEL"
348,KOPRAN,"Kopran Ltd., KOPRAN"
349,RUBBER,"rubber industry, rubber prices, Rubber"
350,RAMCOSYS,"Ramco Systems Ltd., Ramco Systems Ltd, Ramco Systems, Ramco System, RAMCOSYS, Ramco"
351,FLEXITUFF,"Flexituff International Ltd., Flexituff International, FLEXITUFF"
352,METALSPACE,"e-series metal contracts, Indian metal sector, Non-ferrous metals, metal companies, metal players, Metals sector, Metals stocks, metal stocks, metals space, metal space, metal pack, Metal cos, iron ore, METALSPACE, metals, metal, ore"
353,BALMLAWRIE,"Balmer Lawrie & Company Ltd., Balmer Lawrie & Company Ltd, Balmer Lawrie & Co. Ltd., Balmer Lawrie & Company, Balmer Lawrie&Co., Balmer Lawrie, BALMLAWRIE"
354,SATYAMCOMP,"Satyam Computer Services Limited, Satyam Computer Services Ltd., Satyam Computer Services, SATYAMCOMP, Satyam"
355,MARUTI,"Maruti Suzuki India Ltd., Maruti Suzuki India, Maruti Suzuki, MARUTI"
356,DIVISLAB,"Divi's Laboratories Ltd., Divi's Laboratories, Divis Laboratories, Divi's Labs, Divis Labs, Divi's Lab, DIVISLAB, Divis"
357,RANBAXY,"Ranbaxy Laboratories Ltd., Ranbaxy Laboratories, Ranbaxy Labs, RANBAXY"
358,COREEDUTEC,"CORE Education & Technologies Ltd., CORE Education & Technologies, CORE Education, CORE Edu, COREEDUTEC"
359,LTI,"Larsen & Toubro Infotech Ltd., Larsen & Toubro Infotech, L&T Infotech, LTI"
360,NHPC,"NHPC Ltd., NHPC"
361,CAPGOODSPACE,"capital goods players, capital goods sector, Capital goods stocks, Capital good stocks, capital goods, capital good, cap goods, CAPGOODSPACE"
362,INDIAGLYCO,"India Glycols Ltd., India Glycols, INDIAGLYCO"
363,IPCL,"Indian Petrochemicals Corporation Ltd., Indian Petrochemicals Corporation, IPCL"
364,CASTROLIND,"Castrol India Ltd., Castrol India, CASTROLIND, Castrol"
365,SUZLON,"Suzlon Energy Ltd., Suzlon Energy, SUZLON"
366,POWERGRID,"Power Grid Corporation of India Ltd., Power Grid, POWERGRID"
367,TATAMETALI,"Tata Metaliks Ltd., Tata Metaliks, TATAMETALI"
368,MAGMA,"Magma Fincorp Ltd., Magma Fincorp, MAGMA"
369,BALAJITELE,"Balaji Telefilms Ltd., Balaji Telefilms, BALAJITELE"
370,NEPCMICON,"NEPC India Limited, NEPC India Ltd, NEPC India, NEPCMICON"
371,LAURUSLABS,"Laurus Labs Ltd., Laurus Labs, LAURUSLABS"
372,PLATINUM,"Platinum jewellery, PLATINUM"
373,MOTILALOFS,"Motilal Oswal Financial Services Ltd., Motilal Oswal Financial Services, Motilal Oswal Financial, Motilal Fin Services, Motilal Oswal, MOTILALOFS"
374,ALFALAVAL,"Alfa Laval (India) Ltd., Alfa Laval (India), Alfa Laval, ALFALAVAL"
375,RNAVAL,"Reliance Naval and Engineering Ltd., Reliance Naval and Engineering, Reliance Naval, RNAVAL"
376,RELINFRA,"Reliance Infrastructure Ltd., Reliance Infrastructure, Reliance Infra, Rel Infra, RELINFRA, RInfra"
377,EDUCOMP,"Educomp Solutions Ltd., Educomp Solutions, EDUCOMP"
378,PUNJABTRAC,"Punjab Tractors Ltd., Punjab Trac, PUNJABTRAC"
379,IPAPPM,"International Paper APPM Ltd., International Paper APPM, Intl Paper APPM, International Paper, IPAPPM"
380,CENTURYTEX,"Century Textiles & Industries Ltd., Century Textiles and Industries, Century Textiles & Industries, Century Textiles, CENTURYTEX, Century"
381,SABTN,"Sri Adhikari Brothers Television Network Ltd., Sri Adhikari Brothers Television Network, Sri Adhikari Brothers Television, Sri Adhikari, SABTN"
382,CEMENT,"South-based cement companies, Cement companies, cement industry, cement sectors, cement sector, Cement shares, cement stocks, cement space, cement stock, Cement cos, CEMENT"
383,TATAGLOBAL,"Tata Global Beverages Ltd., Tata Global Beverages, Tata Global Bev, Tata Beverages, TATAGLOBAL"
384,PIDILITIND,"Pidilite Industries Ltd., Pidilite Industries, Pidilite Ind, PIDILITIND, Pidilite"
385,CERA,"Cera Sanitaryware Ltd., Cera Sanitaryware Ltd, Cera Sanitaryware, Cera Sanitary, CERA"
386,SUDARSCHEM,"Sudarshan Chemical Industries Ltd., Sudarshan Chemical Industries, Sudarshan Chemical Tech, Sudarshan Chem Tech, Sudarshan Chem, SUDARSCHEM, Sudarshan"
387,PANACEOBIO,"Panacea Biotec Ltd., Panacea Biotec, PANACEOBIO"
388,ESCORTS,"Escorts Ltd., ESCORTS"
389,BOSCHLTD,"Bosch India, Bosch Ltd., Bosch Ltd, BOSCHLTD, Bosche, Bosch"
390,LOVABLE,"Lovable Lingerie Ltd., Lovable Lingerie, Lovable Lingeri, LOVABLE"
391,BONGAIREFN,"Bongaigaon Refinery & Petrochemicals Ltd., Bongaigaon Refinery & Petrochemicals, BONGAIREFN"
392,ESSDEE,"Ess Dee Aluminium Ltd., Ess Dee Aluminium, ESSDEE"
393,CUB,"City Union Bank Ltd., City Union Bank, CUB"
394,BSMETAL,"Base matels, Base metals, Base metal, BSMETAL"
395,JEWELSPC,"jewellery companies, Jewellery makers, Jewellery stocks, Jewellery, Jewellers, JEWELSPC"
396,RETAILSECTOR,"Retail investors, retail stocks, retail shares, retail sector, retail market, RETAILSECTOR, retailers, retail"
397,PNBGILTS,"PNB Gilts Ltd., PNB Gilts, PNBGILTS"
398,MIDCAPPHARMA,"Mid-cap pharma stocks, midcap pharma stocks, Midcap pharma, MIDCAPPHARMA"
399,IGARASHI,"Igarashi Motors India Ltd., Igarashi Motors India, Igarashi Motors, IGARASHI"
400,GTNIND,"GTN Industries Ltd., GTN Industries, GTNIND"
401,IDBI,"IDBI Bank Ltd., IDBI Bank, IDBI"
402,RNRL,"Reliance Natural Resources Ltd., Reliance Natural Resources Ltd, Reliance Natura, RNRL"
403,JPASSOCIAT,"Jaiprakash Associates Ltd., Jaiprakash Associates, JP Associates, JPASSOCIAT"
404,HINHUJAVEN,"Hinduja Ventures Ltd., Hinduja Ventures, HINHUJAVEN"
405,INDOCO,"Indoco Remedies Ltd., Indoco Remedies Ltd, Indoco Remedies, INDOCO"
406,MANGCHEFER,"Mangalore Chemicals & Fertilizers Ltd., Mangalore Chemicals and Fertilizers, Mangalore Chemicals and Fertilisers, Mangalore Chemicals & Fertilizers, Mangalore Chemicals, Mangalore Chem, MANGCHEFER, MCFL"
407,UNITY,"Unity Infraprojects Ltd., Unity Infraprojects, Unity Infra, UNITY"
408,BLISSGVS,"Bliss GVS Pharma Ltd., Bliss GVS Pharma Ltd, Bliss GVS Pharma, Bliss GVS, BLISSGVS"
409,CYIENT,"Cyient Ltd-B., Cyient Ltd-B, Cyient Ltd., CYIENT"
410,CEATLTD,"CEAT Ltd., Ceat Ltd, CEATLTD, Ceat"
411,INDNIPPON,"India Nippon Electricals Ltd., India Nippon Electricals, India Nippon, INDNIPPON"
412,INDBONDS,"Indian bond markets, India bond markets, Tax free bonds, India markets, Indian bonds, India bonds, India bond, India mkt, INDBONDS"
413,GUJALKALI,"Gujarat Alkalis & Chemicals Ltd., Gujarat Alkalies & Chemicals, Gujarat Alkalis&Chemicals, Gujarat Alkalies, Guj Alkali, GUJALKALI"
414,GRANULES,"Granules India Ltd., Granules India, GRANULES"
415,PIIND,"PI Industries Ltd., PI Industries, PI Ind, PIIND, PI"
416,MTEDUCARE,"MT Educare Ltd., MT Educare, MTEDUCARE"
417,EROSMEDIA,"Eros International Media Ltd., Eros International Media, Eros International, Eros Media, Eros Intl, EROSMEDIA"
418,MUNJALAU,"Munjal Auto Industries Ltd., Munjal Auto Industries, Munjal Auto Ind, MUNJALAU"
419,GDL,"Gateway Distriparks Ltd., Gateway Distriparks, Gateway Distri, GDL"
420,GRAPHITE,"Graphite India Ltd., Graphite India Ltd, Graphite India, GRAPHITE"
421,GET&D,"Ge T&D India Ltd., Ge T&D India, GE T&D, GE T, GET&D"
422,EVERESTIND,"Everest Industries Ltd., Everest Industries, Everest Ind, EVERESTIND"
423,TRIGYN,"Trigyn Technologies Ltd., Trigyn Technologies, Trigyn Tech, TRIGYN"
424,ASHOKLEY,"Ashok Leyland Ltd., Ashok Leyland, ASHOKLEY"
425,LUMAXIND,"Lumax Industries Ltd., Lumax Industries, Lumax Inds, LUMAXIND"
426,RELAXO,"Relaxo Footwears Ltd., Relaxo Footwears Ltd, Relaxo Footwears, Relaxo Footwear, RELAXO"
427,PENTACOMMU,"Pentasoft Technologies Ltd., Pentasoft Technologies, PENTACOMMU"
428,GODREJPROP,"Godrej Properties Ltd., Godrej Properties Ltd, Godrej Properties, Godrej Prop, GODREJPROP"
429,TTML,"Tata Teleservices (Maharashtra) Ltd., Tata Teleservices (Maharashtra) Ltd, Tata Teleservices (Maharashtra), Tata Tele Maharashtra, Tata Teleservices, TTML"
430,TATACHEM,"Tata Chemicals Ltd., Tata Chemicals, Tata Chem, TATACHEM"
431,MPHASIS,"Mphasis Ltd., MphasiS Ltd, MPHASIS"
432,UNITECH,"Unitech Ltd., UNITECH"
433,WSTCSTPAPR,"West Coast Paper Mills Ltd., West Coast Paper Mills, West Coast Paper, WSTCSTPAPR"
434,SUNDRMFAST,"Sundram Fasteners Ltd., Sundaram Fasteners, Sundram Fasteners, SUNDRMFAST, Sundaram, Sundram"
435,GLENMARK,"Glenmark Pharmaceuticals Ltd., Glenmark Pharmaceuticals, Glenmark Pharma, GLENMARK"
436,BAJAJCORP,"Bajaj Corp Ltd., Bajaj Corp, BAJAJCORP, Bajajs, Bajaj"
437,NAGAFERT,"Nagarjuna Fertilizers & Chemicals Ltd., Nagarjuna Fertilizers and Chemicals, Nagarjuna Fertilizers & Chemicals, Nagarjuna Fertilizers, Nagarjuna Fertilisers, Nagarjuna Fert, NAGAFERT"
438,HCLTECH,"HCL Technologies Ltd., HCL Technologies, HCL Tech, HCLTECH"
439,BAJAJHIND,"Bajaj Hindustan Ltd., Bajaj Hindusthan, Bajaj Hindustan, BAJAJHIND"
440,NAUKRI,"Info Edge India Ltd., Info Edge (India), Info Edge India, Info Edge, NAUKRI"
441,PROVOGE,"Provogue (India) Ltd., Provogue (India), PROVOGE"
442,LARGECAPS,"largecap auto stocks, large cap indices, large cap stocks, large-cap funds, largecap stocks, large caps, Large-caps, LARGECAPS"
443,SJVN,"SJVN Ltd., SJVNL, SJVN"
444,ELGIEQUIP,"Elgi Equipments Ltd., Elgi Equipments, ELGIEQUIP"
445,PRESTIGE,"Prestige Estates Projects Ltd., Prestige Projects, Prestige Estates, PRESTIGE"
446,GUJNRECOKE,"Gujarat NRE Coke Ltd., Gujarat NRE Coke, GUJNRECOKE"
447,SHRENUJ,"Shrenuj & Co. Ltd., Shrenuj and Company, Shrenuj and Co, Shrenuj & Co, SHRENUJ"
448,DIXON,"Dixon Technologies India Pvt Ltd., Dixon Technologies (India), Dixon Technologies, Dixon Technolog, Dixon Tech, DIXON"
449,TIINDIA,"Tube Investments of India Ltd., Tube Invest India, Tube Investments, Tube Inv, TIINDIA"
450,EVEREADY,"Eveready Industries India Ltd., Eveready Industries India Ltd, Eveready Industries India, Eveready Industries, Eveready Ind, EVEREADY"
451,INTELLECT,"Intellect Design Arena Ltd., Intellect Design Arena, Intellect Design, INTELLECT"
452,ONGSPACE,"oil and gas stocks, oil and gas space, oil & gas sector, oil & gas stocks, State-run oil companies, State-run oil retailers, Oil marketing companies, Mideast crude market, Natural gas industry, oil marketing stocks, oil marketing space, oil marketing cos, global crude oil, Brent crude oil, US oil stocks, oil and gas, oil & gas, Refinery stocks, Industrial oils, Oil&Gas sector, Oil&gas stocks, Industrial oil, oil companies, Blended fuel, oil sectors, Brent crude, natural gas, oil market, Gas stocks, oil sector, OMC stocks, oil stocks, gas space, OMC space, oil space, Brent oil, Iraq oil, oil PSUs, US oil, ONGSPACE, Oil-led, diesel, Crudes, petrol, crude, brent, Fuel, OMCs, oil, gas, LPG, OMC"
453,KESORAMIND,"Kesoram Industries Ltd., Kesoram Industries Ltd, Kesoram Industries, Kesoram Ind, KESORAMIND, Kesoram"
454,JUSTDIAL,"Just Dial Ltd., Just Dial, JUSTDIAL, JD"
455,RASOYPR,"Rasoya Proteins Ltd., Rasoya Proteins, Rasoya Protein, RASOYPR"
456,GSLNOVA,"GSL Nova Petrochemicals Ltd., GSL Nova Petrochemicals, GSL Nova Petro, GSLNOVA"
457,INGVYSYABK,"ING Vysya Bank Ltd., ING Vysya Bank, INGVYSYABK"
458,JUBILANT,"Jubilant Life Sciences Ltd., Jubilant Life Sciences, Jubilant Pharma, Jubilant Life, JUBILANT"
459,BGFL,"Birla Global Finance Ltd., Birla Global Finance, BGFL"
460,GAEL,"Gujarat Ambuja Exports Ltd., Gujarat Ambuja Exports, GAEL"
461,ADANIENT,"Adani Enterprises Ltd., Adani Enterprises Ltd, Adani Enterprises, Adani Group, ADANIENT, Adani, ADAG"
462,KNRCON,"KNR Constructions Ltd., KNR Constructions, KNR Construct, KNRCON"
463,DBCORP,"DB Corp Ltd., DB Corp Ltd, D.B.Corp Ltd, DB Corp, D.B.Corp, DBCORP"
464,NATIONALUM,"National Aluminium Co. Ltd., National Aluminium Company, National Aluminum Co., NATIONALUM, NALCO"
465,BASF,"BASF SE NA O.N., BASF India Ltd., BASF India, BASF"
466,BOMDYEING,"Bombay Dyeing & Mfg. Co. Ltd., Bombay Dyeing and Manufacturing Company, Bombay Dyeing & Manufacturing Company, Bombay Dyeing&Mfg., Bombay Dyeing, BOMDYEING"
467,BHEL,"Bharat Heavy Electricals Ltd., Bharat Heavy Electricals, BHEL"
468,HCL-INSYS,"HCL Infosystems Ltd., HCL Infosystems, HCL Info, HCL-INSYS"
469,SMALLCAPIT,"small cap IT names, small IT firms, small-cap IT, SMALLCAPIT"
470,AGCNET,"AGC Networks Ltd., AGC Networks, AGCNET"
471,WELSPUNIND,"Welspun India Ltd., Welspun India, WELSPUNIND, Welspun"
472,CORPBANK,"Corporation Bank, CORPBANK"
473,TRIVENI,"Triveni Engineering and Industries Ltd, Triveni Engineering & Industries Ltd., Triveni Engineering, Triveni Engg, TRIVENI"
474,CAPLIPOINT,"Caplin Point Laboratories Ltd., Caplin Point Laboratories Ltd, Caplin Point Laboratories, Caplin Point, Caplin Labs, CAPLIPOINT"
475,IPCALAB,"Ipca Laboratories Ltd., Ipca Laboratories, Ipca Labs, Ipca Lab, IPCALAB, Ipca"
476,LT,"Larsen & Toubro Ltd., Larsen & Toubro, Larsen, L&T, LT"
477,DCMSHRIRAM,"DCM Shriram Consolidated, DCM Shriram, DCMSHRIRAM"
478,MRPL,"Mangalore Refinery and Petrochemicals Ltd., Mangalore Refinery and Petrochemicals, Mangalore Refinery, Mangalore, MRPL"
479,ORISSAMINE,"Orissa Min Dev Co Ltd., Orissa Minerals Development Company, Orissa Min Dev Co, ORISSAMINE, OMDC"
480,ASIANHOTNR,"Asian Hotels (North) Ltd., Asian Hotels (North), Asian Hotels, ASIANHOTNR"
481,ITSPACE,"Large cap IT stocks, largecap IT stocks, Indian IT stocks, large cap IT, Information technology, software stocks, IT companies, IT counters, IT industry, IT players, IT vendor, IT stocks, IT sector, IT space, IT firms, IT Index, IT names, IT pack, ITSPACE, IT"
482,DEFENCE,"Defence related companies, defence-related dollar, Defence-related stocks, Defensive stocks, defence sector, Defence stocks, defence space, defensives, DEFENCE"
483,STERLINBIO,"Sterling Biotech Ltd., Sterling Biotech, STERLINBIO"
484,PHOENIXLTD,"Phoenix Mills Ltd., Phoenix Mills, PHOENIXLTD"
485,GEODESIC,"Geodesic Ltd., GEODESIC"
486,TORRENTAEC,"Torrent Power AEC Ltd., Torrent Power AEC, Torrent Power, TORRENTAEC, Torrent"
487,COROMANDEL,"Coromandel International Ltd., Coromandel International, Coromandel Int, COROMANDEL"
488,DEN,"Den Networks Ltd., DEN Networks, DEN"
489,HINDPETRO,"Hindustan Petroleum Corporation Ltd., Hindustan Petroleum Corporation, Hindustan Petroleum, HINDPETRO, HPCL"
490,GVTBNDSPC,"government bonds, government bond, municipal bonds, govt bonds, GVTBNDSPC"
491,COMMODITIES,"COMMODITIES, Pistachio"
492,STER,"Sterlite International Enterprises Ltd, Sterlite Industries (India) Ltd., Sterlite Industries (India), Sterlite Industries, Sterlite Ind, Sterlite, STER"
493,HEIDELBERG,"Heidelberg Cement India Ltd., Heidelbergcement AG O.N., Heidelberg Cement India, HeidelbergCement India, Heidelberg Cements, Heidelberg Cem, HeidelbergCement, HEIDELBERG"
494,GABRIEL,"Gabriel India Ltd., Gabriel India, GABRIEL"
495,3MINDIA,"3M India Ltd., 3M India, 3MINDIA, 3M"
496,DHANBANK,"Dhanlaxmi Bank Ltd., Dhanlaxmi Bank, DHANBANK"
497,MAHSEAMLES,"Maharashtra Seamless Ltd., Maharashtra Seamless, MAHSEAMLES"
498,AXISBANK,"Axis Bank Ltd., Axis Bank, AXISBANK, AXIS"
499,PSL,"PSL Ltd., PSL"
500,REIAGROLTD,"Rei Agro Ltd., REI Agro, REIAGROLTD"
501,LGSTCSPC,"logistic companies, logistics stocks, LGSTCSPC"
502,63MOONS,"Financial Technologies (India) Ltd., Financial Technologies (India), 63MOONS"
503,GVKPIL,"GVK Power & Infrastructure Ltd., GVK Power & Infrastructure, GVK Power & Infra, GVK Power, GVKPIL"
504,GSPL,"Gujarat State Petronet Ltd., Gujarat State Petronet, Guj State Petro, GSPL"
505,MAARSOFTW,"Maars Software International Ltd., Maars Software International, Maars Software, MAARSOFTW"
506,HEROMOTOCO,"Hero MotoCorp Ltd., Hero MotoCorp, HEROMOTOCO"
507,PRAJIND,"Praj Industries Ltd., Praj Industries, Praj Ind, PRAJIND, Praj"
508,NRBBEARING,"NRB Bearings Ltd., NRB Bearings, NRB Bearing, NRBBEARING"
509,GARDENSILK,"Garden Silk Mills Ltd., Garden Silk Mills, Garden Silk, GARDENSILK"
510,INOXWIND,"Inox Wind Ltd., Inox Wind Ltd, Inox Wind, INOXWIND"
511,MICRO,"Micro Inks Ltd., Micro Inks, MICRO"
512,10YRBOND,"10 year bond, 10-year bonds, 10-year bond, 10-yr bond, 10YRBOND, 10-year"
513,CONCOR,"Container Corporation of India Ltd., Container Corporation of India, Container India, Container Corp, CONCOR"
514,BANCOINDIA,"Banco Products (India) Ltd., Banco Products (India), Banco Products, BANCOINDIA"
515,DRDATSONS,"Dr. Datsons Labs Ltd., Dr. Datsons Labs, Dr Datson Labs, DRDATSONS"
516,JINDALSTEL,"Jindal Steel & Power Ltd., Jindal Steel & Power, Jindal Steel&Power, Jindal Steel, JINDALSTEL, JSPL"
517,MOSERBAER,"Moser Baer (India) Ltd., Moser Baer India Ltd., Moser Baer (India), Moser Baer India, MOSERBAER"
518,ANDHRSUGAR,"Andhra Sugars Ltd., Andhra Sugars, Andhra Sugar, ANDHRSUGAR"
519,GRUH,"GRUH Finance Ltd., Gruh Finance, GRUH"
520,INVESTMENT,"investment-related stocks, investment banks, INVESTMENT"
521,GEORGWILIM,"Williamson Tea Assam Ltd., Williamson Tea Assam, Williamson Tea, GEORGWILIM"
522,RPL,"Reliance Petroleum Ltd., Reliance Petroleum, RPL"
523,TAKE,"Take Solutions Ltd., Take Solutions Ltd, Take Solutions, TAKE"
524,GIPCL,"Gujarat Industries Power Co. Ltd., Gujarat Industries Power Company, Gujarat Industries Power Co., GIPCL"
525,BSL,"BSL Ltd., BSL"
526,LINDEINDIA,"Linde India Ltd., Linde India, LINDEINDIA"
527,TATAPOWER,"Tata Power Co. Ltd, Tata Power Co., Tata Power, TATAPOWER"
528,TCI,"Transport Corporation of India Ltd., Transport Corporation of India, Transport Corporation, Transport Corp, TCI"
529,SKFINDIA,"AB SKF B, SKF India, SKF B, SKFINDIA, SKF"
530,DCBBANK,"Development Credit Bank Ltd., Development Credit Bank, DCB Bank, DCBBANK"
531,TNPETRO,"Tamilnadu Petroproducts Ltd., Tamilnadu Petroproducts, TNPETRO"
532,RAILSECTOR,"Railways linked stocks, railway related stocks, Railway-related stocks, Rail-linked stocks, Railway stocks, Rail stocks, rail sector, RAILSECTOR, railways, Rail"
533,SYNDIBANK,"Syndicate Bank Ltd., Syndicate Bank, SYNDIBANK"
534,TORNTPHARM,"Torrent Pharmaceuticals Ltd., Torrent Pharmaceuticals, Torrent Pharma, TORNTPHARM"
535,CRISIL,"CRISIL Ltd., CRISIL"
536,WYETH,"Wyeth Pfizer Ltd, Wyeth Ltd., Wyeth Ltd, WYETH"
537,ITDC,"India Tourism Development Corp Ltd., India Tourism Development Corporation, India Tourism Development, India Tourism D, ITDC"
538,GREAVESCOT,"Greaves Cotton Ltd., Greaves Cotton, GREAVESCOT"
539,INDIGO,"Interglobe Aviation Ltd., InterGlobe Aviation Ltd, Interglobe Aviation, InterGlobe Avi, InterGlobe, INDIGO"
540,LOGISTIC,"shipping companies, Packaging cos, LOGISTIC"
541,HFCL,"Himachal Futuristic Communications Ltd., Himachal Futuristics Communications, Himachal Futuristics Communication, Himachal Futuristic, HFCL"
542,KOUTONS,"Koutons Retail India Ltd., Koutons Retail India, Koutons Retail, KOUTONS"
543,MERCK,"Merck India, Merck KGaA, MERCK"
544,INFOMEDIA,"Infomedia Press Ltd., Infomedia Press, INFOMEDIA"
545,TIFIN,"TI Financial Holdings Ltd., TI Financial, TIFIN"
546,ESSARPORTS,"Essar Ports Ltd., Essar Ports, ESSARPORTS, Essar"
547,LAOPALA,"La Opala RG Ltd., La Opala RG, La Opala, LAOPALA"
548,TTKPRESTIG,"TTK Prestige Ltd., TTK Prestige, TTKPRESTIG, TTK"
549,RCOM,"Reliance Communications Ltd., Reliance Communications, Rel Communications, RComm, RCOM"
550,IGL,"Indraprastha Gas Ltd., Indraprastha Gas, IGL"
551,SAIL,"Steel Authority of India Ltd., Steel Authority, SAIL"
552,AUTOANCSPACE,"auto ancilliary stocks, auto ancillary sector, auto ancillary space, auto ancillaries, auto ancillary, AUTOANCSPACE"
553,UNICHEMLAB,"Unichem Laboratories Ltd., Unichem Labs, UNICHEMLAB, Unichem"
554,L&TFH,"L&T Finance Holdings Ltd., L&T Finance Holdings, L&T Mutual Fund, L&T Finance Hld, L&T Finance, L&TFH"
555,SYNGENE,"Syngene International Ltd., Syngene International Ltd, Syngene Intl, SYNGENE"
556,GESHIP,"Great Eastern Shipping Company Ltd, Great Eastern Shipping Co. Ltd., Great Eastern Shipping Company, Great Eastern Shipping, Great Eastern, GE Shipping, GESHIP"
557,BEPL,"Bhansali Engineering Polymers Ltd., Bhansali Engineering Polymers, Bhansali Engineering Polymer, BEPL"
558,MARICO,"Marico Ltd., MARICO"
559,ANSALAPI,"Ansal Properties & Infrastructure Ltd., Ansal Properties & Infrastructure, Ansal Properties, ANSALAPI"
560,DCW,"DCW Ltd., DCW"
561,RAMANEWS,"Shree Rama Newsprint Ltd., Shree Rama Newsprint, Shree Rama News, RAMANEWS"
562,MUTHOOTFIN,"Muthoot Finance Ltd., Muthoot Finance, MUTHOOTFIN"
563,JBFIND,"JBF Industries Ltd., JBF Industries, JBF Ind, JBFIND"
564,DICIND,"DIC India Ltd., DIC India, DICIND"
565,MIDCAPIT,"mid and largecap IT stocks, Mid tier IT stocks, midsize IT companies, Mid-sized IT firms, midcap IT sector, midcap IT stocks, midcap IT space, mid-caps IT cos, midcap IT stock, midcap IT, MIDCAPIT"
566,ESSAROIL,"Essar Oil Ltd., Essar Oil, ESSAROIL"
567,VRLLOG,"VRL Logistics Ltd., VRL Logistics Ltd, VRL Logistics, VRLLOG, VRL"
568,KCP,"KCP Ltd., KCP"
569,PAGEIND,"Page Industries Ltd., Page Industries, Page Ind, PAGEIND, Page"
570,HINDOILEXP,"Hindustan Oil Exploration Company Ltd., Hindustan Oil Exploration Co. Ltd., Hindustan Oil Exploration Company, Hindustan Oil Exploration Co., HINDOILEXP"
571,NAVKARCORP,"Navkar Corporation Ltd., Navkar Corporation Ltd, Navkar Corporation, Navkar Corp, NAVKARCORP, Navkar"
572,INDIA,"rural India, INDIA"
573,VAKRANGEE,"Vakrangee Softwares Ltd., Vakrangee Softwares, Vakrangee Software, VAKRANGEE"
574,OBEROIRLTY,"Oberoi Realty Ltd., Oberoi Realty, OBEROIRLTY, Oberoi"
575,HSCL,"Himadri Speciality Chemical Ltd., Himadri Specialty Chemical, Himadri Speciality Chem, Himadri Specialty, Himadri Special, Himadri Chem, HSCL"
576,TATAMOTORS,"Tata Motors Ltd., Tata Motors, TATAMOTORS"
577,PSUCOS,"State government companies, PSUCOS"
578,SAMTEL,"Samtel Color Ltd., Samtel Colour, Samtel Color, SAMTEL"
579,SEQUENT,"Sequent Scientific Ltd., Sequent Scientific, SEQUENT"
580,APARINDS,"Apar Industries Ltd., Apar Industries, APARINDS"
581,MVL,"MVL Ltd., MVL Ltd, MVL"
582,JYOTISTRUC,"Jyoti Structures Ltd., Jyoti Structures, JYOTISTRUC"
583,STAR,"Strides Shasun Ltd., Stride Shasun, STAR"
584,IOB,"Indian Overseas Bank, IOB"
585,BINANICEM,"Binani Cement Ltd., Binani Cement, BINANICEM, Binani"
586,KOTAKBANK,"Kotak Mahindra Bank Ltd., Kotak Mahindra Bank, Kotak Mahindra, Kotak Bank, KOTAKBANK"
587,MNCSEC,"MNC stocks, MNCSEC, MNCs, MNC"
588,CAMLINFINE,"Camlin Fine Sciences Ltd., Camlin Fine Sciences, CAMLINFINE"
589,IMFA,"Indian Metals & Ferro Alloys Ltd., Indian Metals & Ferro Alloys, IMFA"
590,THYROCARE,"Thyrocare Technologies Ltd., Thyrocare Technologies Ltd, Thyrocare Tech, THYROCARE"
591,WABCOINDIA,"WABCO India Ltd., WABCO India, WABCOINDIA, WABCO"
592,BAJFINANCE,"Bajaj Allianz General Insurance, Bajaj Finance Ltd., Bajaj Finance, BAJFINANCE"
593,BIOCON,"Biocon Ltd., BIOCON"
594,ABIRLANUVO,"Aditya Birla Nuvo Ltd., Aditya Birla Nuvo, ABIRLANUVO"
595,GAYAPROJ,"Gayatri Projects Ltd., Gayatri Projects, GAYAPROJ"
596,DALMIABHA,"Dalmia Bharat Sugar and Industries, Dalmia Bharat Ltd., Dalmia Bharat, DALMIABHA"
597,ZENITHCOMP,"Zenith Computer Ltd., Zenith Computers, Zenith Computer, ZENITHCOMP"
598,RAINCALCIN,"Rain Calcining Ltd., Rain Calcining, RAINCALCIN"
599,INNOIND,"Innoventive Industries Ltd., Innoventive Industries, Innoventive, INNOIND"
600,TEXRAIL,"Texmaco Rail & Engineering Ltd., Texmaco Rail, TEXRAIL, Texmaco"
601,VEDL,"Vedanta Ltd., Vedanta, VEDL"
602,TULIP,"Tulip Telecom Ltd., Tulip Telecom, TULIP"
603,MGL,"Mahanagar Gas Ltd., Mahanagar Gas, MGL"
604,ORIENTCEM,"Orient Cement Ltd., Orient Cement Ltd, Orient Cement, Orient Cem, ORIENTCEM"
605,UJJIVAN,"Ujjivan Financial Services Ltd., Ujjivan Financial Services Ltd, Ujjivan Financial Services, Ujjivan Fin Services, Ujjivan Fin, UJJIVAN"
606,PNCINFRA,"PNC Infratech Ltd., PNC Infratech, PNCINFRA"
607,CIPLA,"Cipla Ltd., CIPLA"
608,BLUESTINFO,"Blue Star Infotech Ltd., Blue Star Infotech, Blue Star Info, Blue Star, BLUESTINFO"
609,GOLU,"Gulf Oil Lubricants India Ltd., Gulf Oil Lubricants India Ltd, Gulf Oil Lubricants India, Gulf Oil Lubricants, Gulf Oil Lubric, Gulf Oil, GOLU"
610,ZUARIGLOB,"Zuari Global Ltd., Zuari Global, Zuari Group, ZUARIGLOB"
611,TIMKEN,"Timken India Ltd., Timken India, TIMKEN"
612,PAPERSEC,"Paper stocks, Paper cos, PAPERSEC"
613,SALORAINTL,"Salora International Ltd., Salora International, SALORAINTL, Salora"
614,ASIANPAINT,"Asian Paints Ltd., Asian Paints, ASIANPAINT"
615,ERIS,"Eris Lifesciences Ltd., Eris Lifesciences, Eris Life, ERIS"
616,SUNDRMBRAK,"Sundaram Brake Linings Ltd., Sundaram Brake Linings, Sundaram Brake Lining, Sundaram Brake, SUNDRMBRAK"
617,ATULAUTO,"Atul Auto Ltd., Atul Auto, ATULAUTO, Atul"
618,KEMROCK,"Kemrock Industries and Exports Ltd., Kemrock Industries and Exports, Kemrock Industries, Kemrock Indus, KEMROCK"
619,CINEVISTA,"Cinevista Ltd., CINEVISTA"
620,AVIATION,"Airline companies, aviation industry, airline industry, aviation sector, aviation stocks, Airline stocks, aviation space, AVIATION, Airlines"
621,PENIND,"Pennar Industries Ltd., Pennar Industries, PENIND"
622,CONSTRSPACE,"engineering and road construction stocks, Engineerng and cap goods, large cap cement stocks, road sector stocks, infrastructure companies, Construction companies, infrastructure finance, infrastructure stocks, Construction players, engineering counters, construction sector, infrastructure bond, Engineering stocks, Highway developers, construction co, infra companies, infra activity, Infra project, infra sector, infra stocks, infra bonds, infra space, infra pack, Infra cos, infrastructure, construction, CONSTRSPACE, infra"
623,LUPIN,"Lupin Ltd., LUPIN"
624,ORIENTPPR,"Orient Paper & Industries Ltd., Orient Paper and Industries, Orient Paper & Industries, Orient Paper Mills, Orient Paper, ORIENTPPR"
625,STRTECH,"Sterlite Technologies Ltd., Sterlite Technologies, Sterlite Tech, Sterlite, STRTECH"
626,NITINFIRE,"Nitin Fire Protection Industries Ltd., Nitin Fire Protection Industries, NITINFIRE"
627,NIITLTD,"NIIT Technologies, NIIT Ltd., NIIT Tech, NIITLTD, NIIT"
628,UTTAMSTL,"Uttam Galva Steels Ltd., Uttam Sugar Steel, Uttam Galva, UTTAMSTL"
629,TV18BRDCST,"TV18 Broadcast Ltd., TV 18 Broadcast, TV18 Broadcast, TV 18, TV18BRDCST, TV18"
630,OIL,"Oil India Ltd., OIL India, OIL"
631,TRIDENT,"Trident Ltd., TRIDENT"
632,KPIT,"KPIT Cummins Infosystems Ltd., KPIT Technologies, KPIT Cummins, KPIT Tech, KPIT"
633,AZTECSOFT,"Aztecsoft Ltd., AZTECSOFT"
634,TOBACCO,"Tobacco companies, Tobacco stocks, TOBACCO"
635,IVRCLINFRA,"IVRCL Ltd., IVRCLINFRA, IVRCL"
636,BLUEDART,"Blue Dart Express Ltd., Blue Dart Express, Blue Dart, BLUEDART"
637,FINMKT,"non-banking fnance companies bond, global financial markets, financial markets, Microfinance cos, NBFC stocks, NBFC space, FINMKT, NBFCs"
638,ENERGYSPACE,"Energy Development Company, Renewable energy sector, Solar power stocks, Hydropower companies, energy companies, Renewable energy, energy sector, energy shares, energy stocks, green energy, solar power, ENERGYSPACE, energy, wind"
639,BRIGADE,"Brigade Enterprsies Ltd., Brigade Enterprises, BRIGADE"
640,BANKNIFTY,"Bank Nifty, Nifty Bank, Bank Nify, BANKNIFTY"
641,RSWM,"RSWM Ltd., RSWM"
642,TLCOMSPACE,"telecom players, telecom stocks, Telecom shares, telecom sector, telecom space, TLCOMSPACE, telecoms, Telecos, Telcos"
643,AHLUCONT,"Ahluwalia Contracts (India) Ltd., Ahluwalia Contracts (India), AHLUCONT"
644,BASML,"Bannari Amman Sugars Ltd., Bannari Amman Sugars, Bannariamman Sugars, BASML"
645,NTL,"Sujana Towers Ltd.-old, Sujana Towers, NTL"
646,HSIL,"HSIL Ltd., HSIL"
647,MANFSPACE,"power gear makers, equipment manufacturers, manufacturing stocks, Raw material, Manufacturers, manufacturing, MANFSPACE"
648,ENIL,"Entertainment Network India Ltd., Entertainment Network (India), Entertainment Network India, Entertainment Network, ENIL"
649,FINCABLES,"Finolex Cables Ltd., Finolex Cables, FINCABLES"
650,TAJGVK,"Taj GVK Hotels & Resorts Ltd., Taj GVK Hotels & Resorts, Taj GVK Hotels, Taj GVK, TAJGVK"
651,MIDCAP,"Global exchange m-cap, Mid-cap stocks, midcap stocks, mid caps, mid-caps, MIDCAP, m-caps"
652,LICHSGFIN,"Lic Housing Finance Ltd., LIC Housing Finance, LIC Housing Fin, LIC Housing, LICHSGFIN, LIC"
653,JPINFRATEC,"Jaypee Infratech Ltd., Jaypee Infratech, Jaypee Infra, JPINFRATEC"
654,IEX,"Indian Energy Exchange Ltd., Indian Energy Exchange, IEX"
655,QUESS,"Quess Corp Ltd., Quess Corp, QUESS"
656,MANDHANA,"Mandhana Industries Ltd., Mandhana Industries, Mandhana Retail, Mandhana Ind, MANDHANA"
657,ANANTRAJ,"Anant Raj Ltd., Anant Raj, ANANTRAJ"
658,AUTOSPACE,"Automotive Stampings, Automotive segment, auto companies, auto industry, auto segment, Auto majors, auto sector, auto stocks, auto space, auto pack, AUTOSPACE, autos, Auto"
659,EICHERMOT,"Eicher Motors Ltd., Eicher Motors, EICHERMOT"
660,WHEELS,"Wheels India Ltd., Wheels India, WHEELS"
661,KALPATPOWR,"Kalpataru Power Transmission Ltd., Kalpataru Power Transmissions, Kalpataru Power Transmission, Kalpataru Power, KALPATPOWR, KPTL"
662,ESSELPACK,"Essel Propack Ltd., Essel Propack, ESSELPACK"
663,SEAMECLTD,"SEAMEC Ltd., SEAMECLTD, SEAMEC"
664,RAMCOIND,"Ramco Industries Ltd., Ramco Industries, RAMCOIND"
665,LTTS,"L&T Technology Services Ltd., L&T Technology Services, L&T Technology, L&T Tech, LTTS"
666,BLKASHYAP,"B L Kashyap & Sons Ltd., B L Kashyap & Sons, BL Kashyap & Sons, BL Kashyap, BLKASHYAP"
667,SMLISUZU,"SML Isuzu Ltd., SML Isuzu Ltd, SML Isuzu, SMLISUZU, Isuzu"
668,RBLBANK,"RBL Bank Ltd., RBL Bank, RBLBANK, RBL"
669,STKSPACE,"Stock exchanges, stocks markets, Smaller stocks, stock markets, Global stocks, stock market, STKSPACE, stocks, stock"
670,SUPRAJIT,"Suprajit Engineering Ltd., Suprajit Engineering, Suprajit Engg, SUPRAJIT"
671,SUNDARAMFIN,"Sundaram Finance Ltd., Sundaram Finance, SUNDARAMFIN"
672,CROMPTON,"Crompton Greaves Consumer Electricals Ltd., Crompton Greaves Consumer Electricals Ltd, Crompton Greaves Consumer Electricals, Crompton Greaves Consumer Electrical, CG Consumer Electricals, CG Consumer, CROMPTON"
673,VAIBHAVGBL,"Vaibhav Global Ltd., Vaibhav Global, VAIBHAVGBL"
674,SHYAMTEL,"Shyam Telecom Ltd., Shyam Telecom, SHYAMTEL"
675,SBIN,"State Bank of India, SBIN, SBI"
676,FEDERALBNK,"Federal Bank Ltd., Federal Bank, FEDERALBNK"
677,SHILPAMED,"Shilpa Medicare Ltd., Shilpa Medicare, SHILPAMED"
678,IBULHSGFIN,"Indiabulls Housing Finance Ltd., Indiabulls Housing Finance, Indiabulls Hsg, IBULHSGFIN, Indiabulls"
679,GOLDSPC,"gold loan companies, gold jewellery, gold market, gold miners, gold bond, gold loan, Gold ETF, Gold-silver, GOLDSPC, silver, gold"
680,REGORG,"Supreme Court, REGORG, SEBI, SC"
681,HDFC,"Housing Development Finance Corporation Ltd., HDFC Standard Life Insurance Company, Housing Development Finance, HDFC Standard, HDFC"
682,PFIZER,"Pfizer India, Pfizer Inc., PFIZER"
683,MAXINDIA,"Max India Ltd., Max India, Max group, MAXINDIA"
684,TRENT,"Trent Ltd., TRENT"
685,AARTIIND,"Aarti Industries Ltd., Aarti Industries, Aarti Ind, AARTIIND, Aarti"
686,MBLINFRA,"MBL Infrastructures Ltd., MBL Infrastructures, MBL Infra, MBLINFRA"
687,MAHINDCIE,"Mahindra CIE Automotive Ltd., Mahindra CIE Automotive Ltd, Mahindra CIE Automotive, Mahindra CIE Auto, Mahindra CIE, MAHINDCIE"
688,CLNINDIA,"Clariant Chemicals (India) Ltd., Clariant Chemicals (India), Clariant Chemicals India, CLNINDIA"
689,MRF,"M.R.F. Ltd., M.R.F., MRF"
690,ASIANELEC,"Asian Electronics Ltd., Asian Electronics, Asian Electroni, ASIANELEC"
691,MMTC,"MMTC Ltd., MakemyTrip, MMTC"
692,RKFORGE,"Ramkrishna Forgings Ltd., Ramkrishna Forgings Ltd, Ramkrishna Forgings, Ramkrishna Forging, RamkrishnaForge, RKFORGE"
693,NESCO,"Nesco Ltd., NESCO"
694,RAMCOCHEM,"The Ramco Cements Ltd., The Ramco Cements, Ramco Cements, RAMCOCHEM"
695,SHRIRAMCIT,"Shriram-City Union Finance Ltd., Shriram City Union Fin, Shriram City Union, Shriram-City Union, Shriram City, SHRIRAMCIT"
696,SHREEASHTA,"Shree Ashtavinayak Cine Vision Ltd., Shree Ashtavinayak Cine Vision, Shree Ashtavinayak, Ashtavinayak, SHREEASHTA"
697,ITDCEM,"ITD Cementation India Ltd., ITD Cementation India Ltd, ITD Cementation India, ITD Cementation, ITDCEM, ITDC"
698,HUBTOWN,"Hubtown Ltd., HUBTOWN"
699,TFCILTD,"Tourism Finance Corporation of India Ltd., Tourism finance corp. of india ltd, Tourism Finance Corporation of India, Tourism Finance Corp of India, Tourism Finance, TFCILTD, TFCI, TFC"
700,PVP,"PVP Ventures Ltd., PVP Ventures, PVP"
701,FDC,"FDC Ltd., FDC"
702,PTC,"PTC (India) Ltd, PTC India Ltd., PTC (India), PTC India, PTC"
703,KKCL,"Kewal Kiran Clothing Ltd., Kewal Kiran Clothing, Kewal Kiran, KKCL"
704,GUJGASLTD,"Gujarat Gas Co. Ltd., Gujarat Gas Co., Gujarat Gas, GUJGASLTD"
705,PERSISTENT,"Persistent Systems Ltd., Persistent Systems, Persistent System, PERSISTENT"
706,REGENCERAM,"Regency Ceramics Ltd., Regency Ceramics, Regency Ceramic, REGENCERAM"
707,OPTOCIRCUI,"Opto Circuits (I) Ltd., Opto Circuits India, Opto Circuits (I), Opto Circuits, OPTOCIRCUI"
708,MUKTAARTS,"Mukta Arts Ltd, Mukta Arts, MUKTAARTS"
709,KSBPUMPS,"KSB Pumps Ltd., KSB Pumps, KSBPUMPS"
710,EQUITYMKT,"Equity markets, EQUITYMKT, equities, Equity"
711,GICRE,"General Insurance Corporation of India, General Insurance India, General Insurance Corp, General Insuran, GICRE, GIC"
712,FMGOETZE,"Federal-Mogul Goetze (India) Ltd., Federal-Mogul Goetze (India), Federal-Mogul Goetze, FMGOETZE"
713,SHARDACROP,"Sharda Cropchem Ltd., Sharda Cropchem, Sharda Crop, SHARDACROP"
714,GMDCLTD,"Gujarat Mineral Development Corporation Ltd., Gujarat Mineral Development Corporation, Gujarat Mineral, Guj Mineral, GMDCLTD, GMDC"
715,PARSVNATH,"Parsvnath Developer Ltd., Parsvnath Developers, Parsvnath Developer, PARSVNATH"
716,ONELIFECAP,"Onelife Capital Advisors Ltd., Onelife Capital Advisors, ONELIFECAP, Onelife"
717,HIKAL,"Hikal Ltd., HIKAL"
718,ICICIPRULI,"ICICI Prudential Life Insurance Company Ltd., ICICI Prudential Life Insurance Company, ICICI Prudential Life Insurance, ICICI Prudential, ICICI Prudentia, ICICIPRULI"
719,ICICIGI,"ICICI Lombard General Insurance Company Ltd., ICICI Lombard General Insurance Company, ICICI Lombard, ICICIGI"
720,STCINDIA,"State Trading Corporation of India Ltd., State Trading Corporation of India, STC India, STCINDIA"
721,KSK,"KSK Energy Ventures Ltd, KSK Energy Ventures, KSK Energy, KSK"
722,TECHSPACE,"mobile content players, Technology stocks, Technology shares, Technology sector, Ecommerce players, telecom majors, DTH Industry, tech stocks, tech pack, TV stocks, technology, TECHSPACE, telecom, techs, tech"
723,INFY,"Infosys ltd., Infosys, INFY"
724,BRABOURNE,"Brabourne Enterprises Ltd., Brabourne Enterprises, BRABOURNE"
725,PEARLGLOBAL,"Pearl Global Industries Ltd., Pearl Global Industries, Pearl Global, PEARLGLOBAL"
726,CARERATING,"Credit Analysis And Research Ltd., Credit Analysis and Research, Credit Analysis&Research, CARE Ratings, CARERATING, CARE"
727,DMART,"Avenue Supermarts Ltd., Avenue Supermarts, Avenue Supermart, D-Mart, DMART"
728,ARSHIYA,"Arshiya International Ltd., Arshiya International, Arshiya Ltd., ARSHIYA"
729,ABGSHIP,"ABG Shipyard Ltd., ABG Shipyard, ABGSHIP"
730,ZEELEARN,"Zee Learn Ltd., Zee Learn Ltd, Zee Learn, ZEELEARN"
731,AKSOPTFBR,"Aksh Optifibre Ltd., Aksh Optifibre, AKSOPTFBR"
732,J&KBANK,"Jammu and Kashmir Bank Ltd., Jammu and Kashmir Bank, J&K Bank, J&KBANK"
733,SWANENERGY,"Swan Energy Ltd., Swan Energy, SWANENERGY"
734,BHARTIARTL,"Bharti Airtel Ltd., Bharti Airtel, BHARTIARTL, Airtel"
735,JKIL,"J Kumar Infraprojects Ltd., J. Kumar Infraprojects, J Kumar Infraprojects, J Kumar Infra, JKIL"
736,BLUECHIPS,"Blue chip stocks, Blue-chips, BLUECHIPS"
737,JYOTHYLAB,"Jyothy Laboratories Ltd., Jyothy Laboratories, Jyothy Laboratorie, Jyothy Labs, JYOTHYLAB"
738,GODREJIND,"Godrej Industries Ltd., Godrej Industries, Godrej Ind, GODREJIND, Godrej"
739,TIN,"Tinplate, TIN"
740,VBL,"Varun Beverages Ltd., Varun Beverages, Varun Bev, VBL"
741,COX&KINGS,"Cox & Kings Ltd., Cox & Kings, COX&KINGS"
742,SURYAROSNI,"Surya Roshni Ltd., Surya Roshni Ltd, Surya Roshni, SURYAROSNI"
743,ASTRAL,"Astral Poly Technik Ltd., Astral Poly Technik Ltd, Astral Poly, ASTRAL"
744,KSCL,"Kaveri Seed Company Ltd., Kaveri Seed Company, Kaveri Seeds, Kaveri Seed, KSCL"
745,TATASPONGE,"Tata Sponge Iron Ltd., Tata Sponge Iron, Tata Sponge, TATASPONGE"
746,RPOWER,"Reliance Power Ltd., Reliance Power, Rel Power, R Power, RPOWER"
747,MINDACORP,"Minda Corporation Ltd., Minda Corporation, Minda Corp, MINDACORP, Minda"
748,MANPASAND,"Manpasand Beverages Ltd., Manpasand Beverages Ltd, Manpasand Beverages, Manpasand Bever, MANPASAND"
749,ITC,"ITC Ltd., ITC"
750,AMTEKAUTO,"Amtek Auto Ltd., Amtek Auto, AMTEKAUTO, Amtek"
751,JAGRAN,"Jagran Prakashan Ltd., Jagran Prakashan, JagranPrakashan, JAGRAN"
752,SOUTHBANK,"South Indian Bank Ltd., South Indian Bank, South Ind Bk, SOUTHBANK"
753,ASTERDM,"Aster DM Healthcare Ltd., Aster DM Healthcare, Aster DM, ASTERDM"
754,AUTOCOMPSPACE,"Auto component companies, auto components sector, auto component makers, auto component space, Auto component, AUTOCOMPSPACE"
755,AVANTIFEED,"Avanti Feeds Limited, Avanti Feeds Ltd., Avanti Feeds Ltd, Avanti Feeds, AVANTIFEED"
756,GUJFLUORO,"Gujarat Fluorochemicals Ltd., Gujarat Fluorochemicals, Guj Flourochem, Gujarat Fluoro, GUJFLUORO"
757,STARCEMENT,"Star Cement Ltd., Star Cement, STARCEMENT"
758,AUBANK,"AU Small Finance Bank Ltd., AU Small Finance Bank, AUBANK"
759,GSFC,"Gujarat State Fertilizers and Chemicals Ltd., Gujarat State Fertilizers, GSFC"
760,COSMOFILMS,"Cosmo Films Ltd., Cosmo Films, COSMOFILMS"
761,BROKERAGECOS,"brokerage companies, Brokerage stocks, Broking firms, BROKERAGECOS"
762,IGS,"iGate Global Solutions Ltd., iGate Global Solutions, iGATE Global, iGATE, IGS"
763,SWARAJENG,"Swaraj Engines Ltd., Swaraj Engines, SWARAJENG"
764,PWRSPACE,"power & transportation, Power plant operators, power company stocks, power T&D stocks, power utilities, power companies, power sectors, power stocks, power sector, power space, Power cos, PWRSPACE, power"
765,DALMIASUG,"Dalmia Bharat Sugar and Industries Ltd., Dalmia Bharat Sugar and Industries, Dalmia Bharat Sugar, DALMIASUG"
766,MEDIASPACE,"media companies, Media industry, media stocks, Media space, MEDIASPACE, media"
767,NMDC,"NMDC India, NMDC Ltd., NMDC"
768,COMMEX,"Commexes, Commexe, COMMEX, Comex"
769,VARUNSHIP,"Varun Shipping Co. Ltd., Varun Shipping Company, Varun Shipping, VARUNSHIP"
770,CENTURYPLY,"Century Plyboards (India), Century Plyboards Ltd., Century Plyboards (I), Century Plyboards, CenturyPlyboard, CENTURYPLY"
771,INDRAMEDCO,"Indraprastha Medical Corporation Ltd., Indraprastha Medical Corporation, Indraprastha, INDRAMEDCO"
772,PATSPINLTD,"Patspin India Ltd., Patspin India, PATSPINLTD"
773,BHARATFORG,"Bharat Forge Ltd., Bharat Forge, BHARATFORG"
774,ITI,"ITI Ltd., ITI Ltd, ITI"
775,RENUKA,"Shree Renuka Sugars Ltd., Shree Renuka Sugars, Renuka Sugars, RENUKA"
776,MIRZAINT,"Mirza International Ltd., Mirza International, Mirza Intl, MIRZAINT"
777,FLEXCHEM,"FCL Technologies & Products Ltd., FCL Technologies & Products, FLEXCHEM"
778,AKZOINDIA,"Akzo Nobel India Ltd., Akzo Nobel India, AkzoNobel India, Akzo Nobel, AKZOINDIA, AkzoNobel"
779,ELDERPHARM,"Elder Pharmaceuticals Ltd., Elder Pharmaceuticals, Elder Pharma, ELDERPHARM"
780,METALFORGE,"Metalyst Forgings Limited, Metalyst Forgings Ltd., Metalyst Forgings, Amtek Auto, METALFORGE"
781,ASHIANA,"Ashiana Housing Ltd., Ashiana Housing, ASHIANA"
782,SHANKARA,"Shankara Building Products Ltd., Shankara Building, Shankar Building, Shankara Buildi, SHANKARA"
783,SCHAEFFLER,"Schaeffler India Ltd., Schaeffler India, SCHAEFFLER"
784,RALLIS,"Rallis India Ltd., Rallis India, RALLIS"
785,SHASUNPHAR,"Shasun Pharmaceuticals Ltd., Shasun Pharmaceuticals, Shasun Pharma, SHASUNPHAR"
786,SUPPETRO,"Supreme Petrochem Ltd., Supreme Petrochem, Supreme Petro, SUPPETRO"
787,LGBBROSLTD,"LG Balakrishnan and Brothers Ltd., LG Balakrishnan & Bros Ltd., LG Balakrishnan and Brothers, LG Balakrishnan & Bros, LG Balakrishnan, LGBBROSLTD"
788,BRFL,"Bombay Rayon Fashions Ltd., Bombay Rayon Fashions, BRFL"
789,IBVENTURES,"Indiabulls Ventures Ltd., Indiabulls Ventures, Indiabulls Vent, IBVENTURES"
790,ADANITRANS,"Adani Transmission Ltd., Adani Transmission Ltd, Adani Transmission, ADANITRANS"
791,INGERRAND,"Ingersoll Rand (India) Ltd., Ingersoll Rand (India), INGERRAND"
792,CAIRN,"Cairn India Ltd., Cairn India, CAIRN"
793,BAJAJHLDNG,"Bajaj Holdings and Investment Ltd., Bajaj Holdings, BAJAJHLDNG"
794,MIDCAPCONST,"Mid-cap cement stocks, MIDCAPCONST"
795,20MICRONS,"20 Microns Ltd, 20 Microns, 20MICRONS"
796,JKTYRE,"JK Tyre & Industries Ltd., J K Tyre and Industries, J K Tyre & Industries, J K Tyre & Ind, JK Tyre and Industries, JK Tyre & Industries, JK Tyre & Ind, J K Tyre, JK Tyre&Industries, JK Tyre, JKTYRE"
797,KIOCL,"Kudremukh Iron Ore Co., Kudremukh Iron Ore, KIOCL Ltd, KIOCL"
798,PFS,"PTC India Financial Services Ltd., PTC India Financial Services, PTC India Fin, PFS"
799,UNIWESTBNK,"United Western Bank Ltd., United Western Bank, UNIWESTBNK, UWB"
800,PHARMSPACE,"pharmaceutical stocks, pharmaceutical sector, pharma companies, pharma stocks, pharma sector, health shares, generic space, pharma space, pharma cos, PHARMSPACE, pharma"
801,BAJAJAUTO,"Bajaj Auto Motorcycles, Bajaj Auto Ltd., Bajaj Auto, BAJAJAUTO"
802,MASFIN,"MAS Financial Services Ltd., Mas Financial Services, MAS Financial S, MAS Financial, MASFIN"
803,NBVENTURES,"Nava Bharat Ventures Ltd., Nava Bharat Ventures, Nava Bharat Ven, NBVENTURES"
804,WABAG,"Va Tech Wabag Ltd., Va Tech Wabag Ltd, Va Tech Wabag, Va Tech, WABAG"
805,TDPOWERSYS,"TD Power Systems Ltd., TD Power Systems, TD Power, TDPOWERSYS"
806,DHANUKA,"Dhanuka Agritech Ltd., Dhanuka Agritech, DHANUKA"
807,RCF,"Rashtriya Chemicals and Fertilizers Ltd., Rashtriya Chemicals, Rashtriya Chem, RCF"
808,ORIENTINFO,"Orient Information Technologies Ltd., Orient Information Technologies, Orient Information, ORIENTINFO"
809,ENDURANCE,"Endurance Technologies Cn Ltd., Endurance Technologies Cn, Endurance Technologies, Endurance Techn, Endurance Tech, ENDURANCE"
810,GRASIM,"Grasim Industries Ltd., Grasim Industries, GRASIM"
811,MOIL,"MOIL Ltd., MOIL"
812,THOMASCOOK,"Thomas Cook India Ltd., Thomas Cook India, Thomas Cook, THOMASCOOK"
813,ZODIACLOTH,"Zodiac Clothing Co. Ltd., Zodiac Clothing, ZODIACLOTH"
814,IBREALEST,"Indiabulls Real Estate Ltd., Indiabulls Real Estate, Indiabulls Real, Indiabulls RE, Indiabulls, IBREALEST"
815,ORIENTBANK,"Oriental Bank of Commerce Ltd., Oriental Bank of Commerce, ORIENTBANK, Oriental, ORBC"
816,RAJESHEXPO,"Rajesh Exports Ltd., Rajesh Exports, RAJESHEXPO"
817,COALINDIA,"Coal India Ltd., Coal India Ltd, Coal India, COALINDIA, CIL"
818,ICRA,"ICRA Ltd., ICRA"
819,BEL,"Bharat Electronics Ltd., Bharat Electronics, BEL"
820,AIAENG,"AIA Engineering Ltd., AIA Engineering, AIAENG"
821,SOLARINDS,"Solar Industries India Ltd., Solar Industries India Ltd, Solar Industries India, Solar Ind, SOLARINDS"
822,LAKSHMIEFL,"Lakshmi Energy & Foods Ltd., Lakshmi Energy and Foods, Lakshmi Energy & Foods, Lakshmi Energy, LAKSHMIEFL"
823,HCC,"Hindustan Construction Co. Ltd., Hindustan Construction Company, Hindustan Construction, Hind Constr, HCC"
824,STOCKEXCHNG,"National Spot Exchange Limited, National Spot Exchange Ltd, National Stock Exchange, Sensex stocks, Nifty Midcap, Sensex firms, Nifty 50, STOCKEXCHNG, Nifty50, Sensex, NCDEX, Nifty, Nify"
825,INDIANB,"Indian Bank, INDIANB"
826,UPL,"UPL Ltd., UPL"
827,KRBL,"KRBL Ltd., KRBL Ltd, KRBL"
828,EIHOTEL,"EIH Ltd., EIHOTEL, EIH"
829,VAKRANGEEE,"Vakrangee Software Ltd., Vakrangee Software Ltd, Vakrangee Software, VAKRANGEEE, Vakrangee"
830,TATASTEEL,"Tata Steel Ltd., Tata Steel Ltd, Tata Steel, TATASTEEL"
831,INDIANCARD,"Indian Card Clothing Co. Ltd., Indian Card Clothing Co., Indian Card Clothing, Indian Card, INDIANCARD"
832,MAYURUNIQ,"Mayur Uniquoters Ltd., Mayur Uniquoters, MAYURUNIQ"
833,TATACOFFEE,"Tata Coffee Ltd., Tata Coffee, TATACOFFEE"
834,PNC,"Pritish Nandy Communications Ltd., Pritish Nandy Communications, Pritish Nandy, PNC"
835,RATNAMANI,"Ratnamani Metals & Tubes Ltd., Ratnamani Metals and Tubes, Ratnamani Metals & Tubes, Ratnamani Metals, RATNAMANI"
836,KAJARIACER,"Kajaria Ceramics Ltd., Kajaria Ceramics, Kajaria Ceramic, KAJARIACER, Kajaria"
837,WHIRLPOOL,"Whirlpool Corporation, Whirlpool India, WHIRLPOOL"
838,INDSTOCKS,"Indian stocks markets, Broader market stocks, domestic companies, corporate India, India's Sensex, Indian bourses, Indian markets, Broader market, Indian stocks, Indian market, INDSTOCKS, India"
839,SHPRE,"Shree Precoated Steels Ltd., Shree Precoated Steels, Shree Precoated, SHPRE"
840,ABAN,"Aban Offshore Ltd., Aban Offshore, ABAN"
841,GEOJITFSL,"Geojit BNP Paribas Financial Services Ltd., Geojit BNP Paribas Financial Services, Geojit Financial Services, Geojit Fin Services, GEOJITFSL"
842,RTNPOWER,"RattanIndia Power Ltd., RattanIndia Power, Rattan Power, RattanIndia, RTNPOWER"
843,INOXLEISURE,"Inox Leisure Ltd., Inox Leisure, INOXLEISURE, Inox"
844,COCHINSHIP,"Cochin Shipyard Ltd., Cochin Shipyard, COCHINSHIP"
845,GILLETTE,"Gillette India Ltd., Gillette India, GILLETTE"
846,OMAXE,"Omaxe Ltd., OMAXE"
847,TORNTPOWER,"Torrent Power Ltd., Torrent Power Ltd, Torrent Power, TORNTPOWER"
848,DRREDDY,"Dr. Reddy's Laboratories Ltd, Dr Reddy Laboratories Ltd, Dr Reddy's Laboratories, Dr Reddys Laboratories, Dr Reddy Laboratories, Dr. Reddy's Labs, Dr. Reddy's, Dr Reddy's, Dr. Reddys, Dr Reddys, Dr Reddy, DRREDDY"
849,INDORAMA,"Indo Rama Synthetics (India) Ltd., Indo Rama Synthetics (India), Indo Rama Synthetics Ltd., Indo Rama Synthetics, INDORAMA"
850,TV-18,"Television Eighteen India Ltd., Television Eighteen Ltd., TV18 India, Network 18, TV-18, TV18"
851,ERAINFRA,"Era Infra Engineering Ltd., Era Infra Engineering, ERAINFRA"
852,SRIPIPES,"Srikalahasthi Pipes Ltd., Srikalahasthi Pipes, Srikalahasthi, SRIPIPES"
853,DELTACORP,"Delta Corp Ltd., Delta Corp Ltd, Delta Corp, DELTACORP"
854,INDSWIFTLAB,"Ind-Swift Laboratories Ltd., Ind-Swift Laboratories, INDSWIFTLAB"
855,VSTIND,"VST Industries Ltd., VST Industries, VSTIND"
856,ENGINERSIN,"Engineers India Ltd., Engineers India, EngineersInd, ENGINERSIN"
857,JUBLFOOD,"Jubilant Foodworks Ltd., Jubilant Foodworks, Jubilant Food, JUBLFOOD"
858,MERCATOR,"Mercator Ltd., MERCATOR"
859,ALEMBICLTD,"Alembic Ltd., ALEMBICLTD, Alembic"
860,LAKSHVILAS,"Lakshmi Vilas Bank Ltd., Lakshmi Vilas Bank, Lakshmi Vilas, LAKSHVILAS"
861,VIDEOIND,"Videocon Industries Ltd., Videocon Industries Ltd, Videocon Industries, Videocon Ind, VIDEOIND, Videocon"
862,TEASPC,"Tea stocks, tea cos, TEASPC, Tea"
863,SUGARSPC,"South-based sugar companies, UP-based sugar stocks, UP-based sugar firms, Sugar manufacturers, Sugar companies, sugar industry, sugar stocks, sugar sector, Sugar mills, Small sugar, sugar mill, sugarcane, SUGARSPC, sugar"
864,RELCAPITAL,"Reliance Capital Ltd., Reliance Capital, Rel Capital, Rel Cap, RELCAPITAL"
865,HONDAPOWER,"Honda SIEL Power Products Ltd., Honda SIEL Power Products, HONDAPOWER"
866,HMT,"HMT Ltd., HMT"
867,GUJARATGASLTD,"Gujarat Gas Ltd., Gujarat Gas, GUJARATGASLTD"
868,GRINDWELL,"Grindwell Norton Ltd., Grindwell Norton, Grindwell Norto, GRINDWELL"
869,ASTRAZEN,"AstraZeneca Pharma India Ltd., AstraZenca Pharma India Ltd., AstraZeneca Pharma India, AstraZenca Pharma India, AstraZeneca Pharma, AstraZeneca, ASTRAZEN"
870,CDSL,"Central Depository Services (India) Ltd., Central Depository Services India Ltd., Central Depository Services (India), Central Depository Services, CDSL"
871,IL&FSENGG,"IL&FS Engineering and Construction Company Ltd., IL&FS Engineering and Construction Company, ILandFS Engineering & Construction company, ILandFS Engineering & Construction, IL&FS Engineering, IL&FS Engg, IL&FSENGG"
872,JINDALPOLY,"Jindal Poly Films Ltd., Jindal Poly Films, Jindal PolyFilm, Jindal Poly, JINDALPOLY"
873,RSTATESECTOR,"housing real estate companies, housing finance companies, Real estate business, Mumbai realty stocks, Housing finance cos, real estate stocks, real estate sector, real estate cos, housing companies, realty stocks, realty sector, real estate, realty mart, RSTATESECTOR, property, realty"
874,PARAGMILK,"Parag Milk Foods Ltd., Parag Milk Foods Ltd, Parag Milk Foods, Parag Milk Food, Parag Foods, PARAGMILK"
875,BERGEPAINT,"Berger Paints (India) Ltd., Berger Paints (India) Ltd, Berger Paints India Ltd., Berger Paints (India), Berger Paints India, Berger Paints, BERGEPAINT"
876,RAMKY,"Ramky Infrastructure Ltd., Ramky Infrastructure, Ramky Infra, RAMKY"
877,RECLTD,"Rural Electrification Corp Ltd., Rural Electrification, RECLTD, REC"
878,INFLATIONBND,"Inflation indexed bonds, inflation-indexed bonds, INFLATIONBND"
879,ZYDUSWELL,"Zydus Wellness Ltd., Zydus Wellness, ZYDUSWELL"
880,INDUSINDBK,"IndusInd Bank Ltd., IndusInd Bank, INDUSINDBK"
881,CENTENKA,"Century Enka Ltd., Century Enka., Century Enka, CENTENKA"
882,SREINFRA,"SREI Infrastructure Finance Ltd., SREI Infrastructure Finance, SREI Infrastructure, SREI Finance, SREI Infra, SREINFRA"
883,BAJAJFINSV,"Bajaj Finserv Ltd., Bajaj Finserv, BAJAJFINSV"
884,NARMDCHEMA,"Narmada Chematur Petrochemicals Ltd., Narmada Chematur Petrochemicals, Narmada Chematur, NARMDCHEMA"
885,HEXAWARE,"Hexaware Technologies Ltd., Hexaware Technologies, Hexaware Tech, HEXAWARE"
886,DEEPAKFERT,"Deepak Fertilisers and Petrochemicals Corp Ltd., Deepak Fertilizers and Petrochmeicals Coprn, Deepak Fertilisers, Deepak Fertilizers, Deepak Fert, DEEPAKFERT, Deepak"
887,HMVL,"Hindustan Media Vent Ltd., Hindustan Media Ventures, Hindustan Media Vent, HMVL"
888,FINPIPE,"Finolex Industries Ltd., Finolex Industries, Finolex Ind, FINPIPE, Finolex"
889,SNMCAPSPACE,"small auto and auto ancillary, Smallcap capital good stocks, Small and midcap funds, small midcap stocks, small cap stocks, small-cap stocks, smallcap indices, smallcap stocks, Small stocks, small caps, SNMCAPSPACE, Small-caps, small-cap, smallcaps"
890,ADLABS,"Adlabs Entertainment Ltd., Adlabs Entertainment, ADLABS"
891,TATACOMM,"Tata Communications Limited, Tata Communications, Tata Comm, TATACOMM, DoCoMo"
892,MYSOREBANK,"State Bank of Mysore, State Bk Mysore, MYSOREBANK, SBM"
893,PNB,"Punjab National Bank, PNB"
894,ARSSINFRA,"ARSS Infrastructure Projects Ltd., ARSS Infrastructure Projects, ARSSINFRA"
895,JAYSREETEA,"Jay Shree Tea & Industries Ltd., Jay Shree Tea & Industries, Jayshree Tea and Inustries, Jayshree Tea, JAYSREETEA"
896,DBL,"Dilip Buildcon Ltd., Dilip Buildcon, DBL"
897,LITL,"Lanco Infratech Ltd., Lanco Infratech, Lanco Infra, Lanco, LITL"
898,BANK,"global central banks, large cap banks, BANK"
899,CANBK,"Canara Bank Ltd., Canara Bank, CANBK"
900,MRO-TEK,"MRO-TEK Realty, MRO-TEK Ltd., MRO-TEK"
901,GTOFFSHORE,"GOL Offshore Ltd., GOL Offshore, GTOFFSHORE"
902,KOHINOOR,"Kohinoor Foods Ltd., Kohinoor Foods, KOHINOOR"
903,JSWENERGY,"JSW Energy Ltd., JSW Infrastructure, JSW Energy, JSWENERGY"
904,PENINLAND,"Peninsula Land Ltd., Peninsula Land, PENINLAND"
905,COCHINREFN,"Kochi Refineries Ltd., Kochi Refineries, COCHINREFN"
906,IIFL,"IIFL Holdings Ltd., IIFL Holdings, IIFL Wealth, IIFL"
907,JAGSNPHARM,"Jagsonpal Pharmaceuticals Ltd., Jagsonpal Pharmaceuticals, Jagsonpal Pharma, JagsonpalPharma, JAGSNPHARM"
908,PGHH,"Procter & Gamble Company, P&G India, PnG India, Procter&Gamble, PGHH, PnG, P&G"
909,PSUBANKS,"Public sector banks, PSU banking stocks, PSU banking space, PSU bank stocks, State-owned banks, State-run banks, PSB stocks, PSU banks, PSU banls, PSU bank, PSUBANKS, PSBs, PSB"
910,IRB,"IRB Infrastructure Developers Ltd., IRB Infrastructure Developers, IRB Infrastructure, IRB Infra, IRB"
911,BOSCHCHASY,"Bosch Chassis Systems India Ltd., Bosch Chassis Systems India, Bosch Chassis, BOSCHCHASY"
912,ALOKTEXT,"Alok Industries Ltd., Alok Industries, Alok Ind, ALOKTEXT"
913,EICHER,"Eicher Ltd., EICHER"
914,NIITTECH,"NIIT Technologies Ltd., NIIT Technologies, NIIT Tech, NIITTECH"
915,JBCHEPHARM,"J B Chemicals and Pharmaceuticals Ltd., J B Chemicals, J.B. Chemicals&Pharma, JB Chemicals, JBCHEPHARM"
916,JSLHISAR,"Jindal Stainless (Hisar) Ltd., Jindal Stainless (Hisar), Jindal Stainless, JSLHISAR, JSHL"
917,ADSL,"Allied Digital Services Ltd., Allied Digital Services, Allied Digital, ADSL"
918,AJANTPHARM,"Ajanta Pharma Ltd., Ajanta Pharma Ltd, Ajantha Pharma, Ajanta pharma, AJANTPHARM"
919,GNFC,"Gujarat Narmada Valley Fertilizers and Chemicals, Gujarat Narmada Valley Fertilizers & Chemicals, Gujarat Narmada Valley Fert.Co.Ltd, Gujarat Narmada Valley Fertilizers, Gujarat Narmada Valley Fert., GNFC"
920,DWARKESH,"Dwarikesh Sugar Industrial Ltd., Dwarikesh Sugar Industrial, Dwarikesh Sugar Industries, Dwarikesh Sugar, DWARKESH"
921,SCHNEIDER,"Schneider Electric Infrastructure Ltd., Schneider Electric Infrastructure, Schneider Electric, Schneider Infra, SCHNEIDER"
922,GAIL,"GAIL (India) Ltd, GAIL (India), GAIL India, GAIL Ltd., GAIL Ltd, GAIL"
923,BATAINDIA,"Bata India Ltd., Bata India, BATAINDIA, Bata"
924,ARCHIES,"Archies Ltd., ARCHIES"
925,ALLCARGO,"Allcargo Logistics Ltd., Allcargo Logistics, ALLCARGO"
926,SANDESH,"Sandesh Ltd., SANDESH"
927,ASHOKA,"Ashoka Buildcon Ltd., Ashoka Buildcon Ltd, Ashoka Buildcon, ASHOKA"
928,IOC,"Indian Oil Corporation Ltd., Indian Oil Corporation, India Oil Corporation, Indian Oil, IOC"
929,GTLINFRA,"GTL Infrastructure Ltd., GTL Infrastructure, GTL Infra, GTLINFRA, GTL"
930,CIPL,"Central India Polyesters Ltd., CIPL"
931,REMEDIA,"Reliance MediaWorks Ltd., Reliance MediaWorks, Reliance Media, REMEDIA"
932,GTL,"GTL Limited, GTL Ltd., GTL"
933,KARURVYSYA,"Karur Vysya Bank Ltd., Karur Vysya Bank, Karur Vysya, KARURVYSYA"
934,PNBHOUSING,"PNB Housing Finance Ltd., PNB Housing Finance, PNB Housing, PNB Finance, PNB Fin, PNBHOUSING"
935,GATI,"Gati Ltd., GATI"
936,HONAUT,"Honeywell Automation India Ltd., Honeywell Automation India, Honeywell Automation, Honeywell Autom, Honeywell, HONAUT"
937,EMERGINGMKT,"Emerging market stocks, Emerging-market assets, emerging stocks, Emerging assets, EMERGINGMKT"
938,V2RETAIL,"V2 Retail Ltd., V2 Retail, V2RETAIL"
939,JINDALSAW,"Jindal Saw Ltd., Jindal Saw, JINDALSAW"
940,SADBHAV,"Sadbhav Engineering Ltd., Sadbhav Engineering, Sadbhav Engg, SADBHAV"
941,TATAMTRDVR,"Tata Motors (DVR) Ltd, Tata Motors DVR Ltd., Tata Motors DVR Ltd, Tata Motors (DVR), Tata Motors (D), Tata Motors DVR, TATAMTRDVR"
942,SESHAPAPER,"Seshasayee Paper & Boards Ltd., Seshasayee Paper and Boards, Seshasayee Paper, SESHAPAPER"
943,THERMAX,"Thermax Ltd., THERMAX"
944,CONSOFINVT,"Consolidated Finvest & Holdings Ltd., Consolidated Finvest & Holdings, CONSOLIDATED Finvest, Consol Finvest, CONSOFINVT"
945,MCLEODRUSS,"McLeod Russel (India) Ltd, McLeod Russel India Ltd., McLeod Russel (India), McLeod Russel, MCLEODRUSS, McLeod"
946,SIEMENS,"Siemens AG Class N, Siemens Gamesa, Siemens India, Siemens AG, SIEMENS"
947,NTPC,"NTPC India, NTPC Ltd., NTPC"
948,BANKINDIA,"Bank of India Ltd., Bank of India, BANKINDIA, BoI"
949,HIMATSEIDE,"Himatsingka Seide Ltd., Himatsingka Seide, Himatsingka Sei, HIMATSEIDE"
950,RAIN,"Rain Industries Ltd., Rain Industries, Rain Ind, RAIN"
951,HINDZINC,"Hindustan Zinc Ltd., Hindustan Zinc, Hind Zinc, HINDZINC"
952,MONSANTO,"Monsanto India Ltd., Monsanto India, MONSANTO"
953,AMJLAND,"Pudumjee Pulp & Paper Mills Ltd., Pudumjee Pulp & Paper Mills, AMJLAND"
954,SUPREMEIND,"Supreme Industries Ltd., Supreme Industries, Supreme Ind, SUPREMEIND"
955,NAVNETEDUL,"Navneet Education Ltd., Navneet Education, NAVNETEDUL"
956,ICIL,"Indo Count Industries Ltd., Indo Count Industries, Indo Count, ICIL"
957,VOLTAS,"Voltas India, Voltas Ltd., VOLTAS"
958,VDOCONINTL,"Videocon International Ltd., Videocon International, VDOCONINTL"
959,TEXTILESECTOR,"Textile companies, Textile stocks, textile sector, textile space, TEXTILESECTOR, Textiles, textile"
960,HINVDIR,"HSBC InvestDirect (India) Ltd., HSBC InvestDirect (India), HSBC InvestDirect, HINVDIR"
961,ELECTCAST,"Electrosteel Castings Ltd., Electrosteel Castings, Electrosteel, ELECTCAST"
962,SHOPERSTOP,"Shoppers Stop Ltd., Shoppers Stop, SHOPERSTOP"
963,VALUEIND,"Value Industries Ltd., Value Industries, Value Ind, VALUEIND"
964,CAPF,"Capital First Ltd., Capital First, CAPF"
965,RAYMOND,"Raymond Textiles, Raymond Ltd., RAYMOND"
966,VESUVIUS,"Vesuvius India Ltd., Vesuvius India, VESUVIUS"
967,GPPL,"Gujarat Pipavav Port Ltd., Gujarat Pipavav Port, Gujarat Pipavav, GPPL"
968,TCS,"Tata Consultancy Services Ltd., Tata Consultancy Services, Tata Consultancy, TCS India, TCS"
969,BHUSANSTL,"Bhushan Power and Steel, Bhushan Power & Steel, Bhushan Steel Ltd., Bhushan Steel, BHUSANSTL"
970,KPRMILL,"KPR Mill Ltd., KPR Mill, KPRMILL"
971,NATCOPHARM,"Natco Pharma Ltd., Natco Pharma, NATCOPHARM"
972,HEG,"HEG Ltd., HEG"
973,EDELWEISS,"Edelweiss Financial Services Ltd., Edelweiss Financial Services, Edelweiss Financial, EDELWEISS"
974,COLPAL,"Colgate-Palmolive (India) Ltd., Colgate-Palmolive Company, Colgate-Palmolive (India), Colgate-Palmolive India, Colgate Palmolive, Colgate-Palmolive, Colgate, COLPAL"
975,VTL,"Vardhman Textiles Ltd., Vardhman Textiles, Vardhman, VTL"
976,MTNL,"Mahanagar Telephone Nigam Ltd., Mahanagar Telephone Nigam, Mahanagar Telephone, MTNL"
977,USHAMART,"Usha Martin Ltd., Usha Martin, USHAMART"
978,RBL,"Rane Brake Linings Ltd. -old, Rane Brake Linings, Rane Brake Lining, RBL"
979,MANAPPURAM,"Manappuram Finance Ltd., Manappuram Finance, Manappuram Fin, MANAPPURAM"
980,ADVANTA,"Advanta Ltd., ADVANTA"
981,PLYWOODCOS,"Plywood manufacturers, plywood companies, plywood cos, PLYWOODCOS, Plywood"
982,SIRPAPER,"Sirpur Paper Mills Ltd., Sirpur Paper Mills, Sirpur Paper, SIRPAPER"
983,PSU,"PSU oil & gas space, Public Limited company, PSU oil companies, PSU companies, PSU sector, PSU stocks, PSU metal, PSU-ETF, PSUs, PSU"
984,UTTAMSUGAR,"Uttam Sugar Mills Ltd., Uttam Sugar Mills, Uttam Sugar, UTTAMSUGAR"
985,ROLTA,"Rolta India Ltd., Rolta India, ROLTA"
986,RELIGARE,"Religare Enterprises Ltd., Religare Enterprises, RELIGARE"
987,BINDALAGRO,"Oswal Chemicals & Fertilizers Ltd., Oswal Chemicals & Fertilizers, Oswal ChemandFe, BINDALAGRO"
988,INEOSSTYRO,"INEOS Styrolution India Ltd., INEOS Styrolution India, INEOS Styro, INEOSSTYRO"
989,ADANIPORTS,"Adani Port and Special Economic Zone Ltd., Adani Ports & SEZ, Adani Ports, ADANIPORTS, Adani"
990,HINDMOTORS,"Hindustan Motors Ltd., Hindustan Motors, HINDMOTORS"
991,KOLTEPATIL,"Kolte Patil Developers Ltd., Kolte-Patil Developers, Kolte Patil, Kolte-Patil, KOLTEPATIL"
992,SNOWMAN,"Snowman Logistics Ltd., Snowman Logistics, Snowman Logist, SNOWMAN"
993,NAVINFLUOR,"Navin Fluorine International Ltd., Navin Fluorine International, Navin Fluorine Int, Navin Fluorine, NAVINFLUOR"
994,MUTUALFUND,"MF investors, mutual funds, mutual fund, MUTUALFUND, MF"
995,CANFINHOME,"Can Fin Homes Ltd., Can Fin Homes, CANFINHOME"
996,MCAPSPACE,"Mid and small-cap stocks, Mid and small-cap funds, mid and small caps, midcap companies, Mid-cap stocks, midcap stocks, Mid-cap funds, midcap space, Midcap stock, Mid caps, mid cap, MCAPSPACE, Mid-caps, Mid-cap, midcaps, midcap, M-cap"
997,VGUARD,"V Guard Industries Ltd., V Guard Industries, V Guard, VGUARD"
998,KIRLOSIND,"Kirloskar Industries Ltd., Kirloskar Industries, Kirloskar Ind, KIRLOSIND"
999,RELIANCE,"Reliance Industries Ltd., Reliance Industries, Reliance Ind, Rel Ind, RELIANCE, RIL"
1000,ORBITCORP,"Orbit Corporation Ltd., Orbit Corporation, Orbit Corp, ORBITCORP"
1001,KTKBANK,"Karnataka Bank Ltd., Karnataka Bank, KTKBANK"
1002,OCL,"OCL India Ltd., OCL India, OCL"
1003,HUDCO,"Housing and Urban Development Corporation Ltd., Housing and Urban Development Corporation, Housing Urban Develop, HUDCO"
1004,SUNPHARMA,"Sun Pharmaceuticals Industries Ltd., Sun Pharmaceuticals, Sun Pharma, S Pharma, SUNPHARMA"
1005,SHLAKSHMI,"Shri Lakshmi Cotsyn Ltd., Shri Lakshmi Cotsyn, SHLAKSHMI"
1006,ADANIPOWER,"Adani Power Ltd., Adani Power, ADANIPOWER"
1007,IDFC,"IDFC Ltd., IDFC"
1008,ZEEL,"Zee Entertainment Enterprises Ltd., Zee Entertainment, Zee Ent., Zee Ent, ZEEL, Zee"
1009,GAMMONIND,"Gammon India Ltd., Gammon India, GAMMONIND"
